Actual Rating,Predicted Rating
4.1,4.1
4.1,4.08
3.6,3.67
4.4,4.4
3.9,3.9
4.0,4.0
3.9,3.96
4.0,4.01
4.1,4.1
3.8,3.81
4.1,4.1
4.2,4.19
3.3,3.3
4.2,4.2
3.9,3.9
3.9,3.9
3.2,3.2
4.1,3.77
3.9,4.0
2.9,2.9
4.7,4.7
4.4,4.4
4.1,4.1
3.6,3.6
4.2,4.2
4.5,4.5
3.1,3.1
4.1,4.1
4.2,4.19
3.7,3.7
3.5,3.5
4.2,4.2
4.1,4.1
4.2,4.2
4.5,4.5
4.1,4.1
3.9,3.93
3.9,3.9
4.1,4.1
3.7,3.7
2.6,2.6
3.0,3.03
4.2,4.2
3.8,2.91
4.2,4.2
4.0,3.95
3.9,3.9
4.1,4.1
3.7,3.7
3.1,3.1
3.7,3.7
3.7,3.7
3.9,3.75
4.2,4.2
4.2,4.17
4.1,4.1
4.1,3.94
3.8,3.8
4.5,4.5
4.2,4.2
4.5,4.5
2.7,2.7
4.1,4.1
4.2,4.2
3.9,3.92
2.8,2.77
4.1,4.14
3.8,3.74
4.2,4.2
2.6,2.6
2.6,2.6
4.1,4.1
3.9,3.9
4.2,4.2
3.8,3.8
4.5,4.5
3.6,3.6
4.2,4.2
4.0,4.0
3.6,3.6
4.2,4.2
3.9,3.9
4.0,4.0
3.7,3.7
4.0,4.0
4.2,4.2
3.7,3.7
4.3,4.25
4.1,4.14
3.9,3.9
3.6,3.6
3.8,3.8
4.1,4.1
2.6,2.6
4.1,4.1
4.6,4.6
3.8,3.8
3.9,3.9
4.0,4.0
4.5,4.5
3.7,3.7
3.6,3.6
4.1,4.15
3.9,3.83
3.4,3.4
4.2,4.2
4.0,3.67
2.9,2.9
3.7,3.7
4.3,4.3
3.7,3.7
4.0,4.0
4.2,3.95
4.2,4.2
4.0,4.0
4.3,4.3
4.4,4.4
4.2,4.21
3.5,3.5
4.2,4.19
4.4,4.4
4.1,4.1
4.1,4.1
4.1,4.1
2.8,2.8
3.9,3.9
3.8,3.8
4.5,4.5
4.3,4.3
4.3,4.28
3.1,3.06
3.9,3.92
4.3,4.3
3.7,3.99
3.8,3.8
4.3,4.3
3.8,3.8
4.0,4.0
3.9,3.9
3.8,3.8
2.7,2.6
3.7,3.64
3.8,3.79
4.3,4.3
3.9,3.9
3.9,3.9
3.5,3.6
4.0,4.0
4.4,4.4
3.1,3.13
4.5,4.5
3.0,3.03
3.6,3.6
3.5,3.58
4.0,3.46
3.4,3.4
4.7,4.8
4.2,4.07
4.1,4.1
3.7,3.7
3.8,3.8
3.1,3.1
4.1,4.1
4.0,3.93
3.7,3.66
4.4,4.39
4.0,4.1
3.7,3.7
3.1,3.41
4.5,4.5
4.1,3.88
2.7,2.7
4.2,4.2
4.5,4.5
4.4,4.39
3.5,3.5
4.4,4.4
3.4,3.75
3.8,3.8
3.3,3.3
3.9,3.76
4.1,4.17
3.4,3.4
3.9,3.9
4.1,4.1
4.4,4.4
3.7,3.46
4.1,4.01
4.3,4.3
4.0,4.1
3.9,3.9
3.7,3.7
4.4,4.4
4.3,4.3
3.8,3.8
4.4,4.4
4.1,4.1
3.9,3.9
3.9,3.9
3.6,3.6
3.2,3.2
3.9,3.9
3.8,3.83
4.1,4.1
4.4,4.4
4.0,4.0
3.9,3.9
4.3,4.3
3.7,3.7
3.9,3.9
3.5,3.89
4.1,4.1
4.1,4.1
4.1,4.1
3.9,3.88
3.8,3.8
4.3,4.3
4.0,4.0
3.8,3.83
4.3,4.3
3.6,3.6
3.5,3.6
3.1,3.08
3.4,3.4
4.0,3.74
2.6,2.6
4.1,4.1
4.1,4.18
4.0,4.0
3.7,3.7
4.4,4.4
4.1,4.1
3.9,3.9
4.4,4.4
4.7,4.7
4.7,4.7
4.1,4.1
4.1,4.1
4.3,4.3
4.3,4.3
3.6,3.6
3.8,3.8
4.1,4.1
4.1,4.1
3.8,3.8
4.0,4.0
3.9,3.9
4.2,4.2
3.8,3.81
4.4,4.4
4.2,4.2
4.1,4.1
4.2,4.2
2.9,2.9
3.9,3.9
4.2,4.2
2.3,2.3
3.9,3.9
4.0,3.99
4.7,4.7
3.7,3.7
3.8,3.8
4.0,3.95
4.1,4.1
4.3,4.3
3.9,3.88
4.1,4.1
3.8,3.8
4.3,4.3
2.8,2.8
3.9,3.9
4.0,4.0
3.2,3.2
2.9,2.9
4.1,4.1
4.4,4.4
3.5,3.5
4.5,4.5
3.9,3.9
4.0,3.98
4.1,4.09
4.0,4.0
4.2,4.2
4.2,4.2
4.0,4.0
4.2,4.2
3.8,3.8
2.9,2.9
3.8,3.8
3.9,3.9
3.9,3.9
4.0,4.0
4.1,4.1
4.2,4.2
3.8,3.8
4.0,4.0
3.8,3.8
4.0,3.98
4.1,4.1
4.7,4.7
4.1,4.1
4.3,4.24
3.6,3.6
4.4,4.4
3.8,3.77
4.2,4.2
3.7,3.7
4.3,4.3
3.9,3.87
4.0,4.0
4.1,4.1
4.1,4.1
4.0,4.0
3.6,3.6
4.2,4.2
3.7,3.7
3.9,3.9
3.7,3.7
3.9,3.9
2.9,2.9
4.4,4.4
4.2,4.2
3.9,3.9
4.0,4.0
4.6,4.26
4.2,4.2
3.8,3.8
3.8,3.8
4.2,4.2
3.9,3.89
4.2,4.2
3.9,3.32
4.5,4.5
3.7,3.7
3.7,3.7
3.9,3.89
4.1,4.1
4.3,4.3
3.9,3.9
4.1,4.1
3.5,3.5
3.9,3.9
4.0,4.0
4.4,4.4
3.4,3.38
3.8,3.9
3.4,3.4
3.9,3.9
2.9,3.88
3.9,3.9
3.4,3.4
2.5,2.5
4.3,4.3
4.1,4.1
3.2,3.2
4.3,4.26
4.1,4.1
4.2,4.16
4.7,4.7
3.8,3.25
3.6,3.6
3.8,3.8
3.7,3.7
4.3,4.3
4.3,4.28
4.1,4.1
3.8,3.43
3.8,3.8
3.9,3.9
3.9,3.93
4.0,4.0
2.9,2.9
4.1,4.1
3.9,3.9
4.5,4.49
3.3,3.3
3.9,3.9
3.7,3.7
4.1,4.1
4.1,4.1
4.3,4.3
4.2,4.2
2.8,2.8
4.1,4.1
4.1,4.1
3.9,3.9
4.1,4.01
3.6,3.56
3.9,3.9
4.2,4.2
3.7,3.7
3.8,3.8
4.2,4.15
4.1,4.1
4.0,4.0
4.0,4.0
3.0,3.0
4.0,4.0
4.0,4.02
3.9,3.85
4.2,3.92
3.8,3.8
2.9,2.9
3.0,3.0
4.6,4.58
4.3,4.3
4.2,4.2
4.0,4.0
4.5,4.5
2.8,2.8
4.0,4.0
4.3,4.3
4.0,4.0
4.7,4.7
4.0,4.0
3.9,3.9
4.0,4.0
4.0,4.0
4.1,4.1
3.7,3.7
4.1,4.1
4.4,4.31
4.0,4.0
4.1,4.1
4.4,4.4
3.1,3.1
4.2,4.2
3.8,3.8
4.1,4.1
3.8,3.8
4.2,4.2
4.1,4.1
3.0,3.43
3.9,3.9
3.9,3.87
3.6,3.6
3.8,3.8
3.8,3.8
3.3,3.54
3.1,3.1
3.4,3.42
4.3,4.3
2.4,2.4
4.1,4.1
3.9,3.9
3.8,3.8
4.0,4.0
4.7,4.5
4.3,4.28
2.7,2.72
3.9,3.9
3.4,3.4
4.3,4.3
4.7,4.7
4.0,4.0
3.4,3.41
4.2,4.2
3.9,3.9
4.0,3.99
4.2,4.2
3.9,3.92
4.1,4.1
3.9,3.9
3.9,3.9
4.0,4.0
3.8,3.79
4.1,4.07
3.5,3.5
3.7,3.7
4.0,4.0
4.2,4.2
3.2,3.2
4.4,4.4
4.2,4.2
3.2,3.2
4.4,4.4
4.3,4.3
4.3,4.3
4.0,4.0
3.7,3.7
2.7,2.7
4.1,4.1
3.9,3.44
4.5,4.5
3.6,3.6
3.5,3.66
3.8,3.8
3.6,3.28
3.7,3.62
4.4,4.4
3.9,3.95
4.3,4.3
4.1,4.1
2.9,2.9
3.8,3.47
4.0,4.0
4.5,4.5
3.9,3.9
4.3,4.29
4.6,4.56
4.0,3.97
4.1,4.1
4.2,4.2
4.2,4.2
3.7,3.7
3.7,3.67
3.8,3.8
3.6,3.6
3.8,3.8
4.4,4.4
3.9,3.9
4.0,3.99
4.6,4.6
3.8,3.8
3.8,3.8
3.7,3.7
4.0,4.0
4.2,4.2
3.8,3.8
3.7,3.7
4.1,4.1
3.7,3.7
3.2,3.41
3.9,3.9
4.4,4.4
4.1,4.1
3.7,3.7
4.2,4.2
3.5,3.5
4.0,4.0
4.2,4.2
3.8,3.7
3.8,3.8
4.4,4.4
3.9,3.9
4.1,4.1
3.4,3.4
3.9,3.9
2.8,2.8
4.1,4.0
3.8,3.8
4.2,4.2
2.6,2.68
3.8,3.8
3.1,3.95
4.1,4.1
4.5,4.5
4.3,3.63
3.7,3.7
4.1,4.1
4.5,4.5
2.8,2.8
4.1,4.0
3.7,3.7
4.1,4.05
4.3,4.3
3.7,3.7
4.0,4.0
4.0,3.97
3.5,3.5
3.8,3.8
4.3,4.29
4.0,4.0
3.8,3.8
3.8,3.8
2.9,2.9
3.9,3.9
4.0,4.0
4.4,4.4
4.0,4.0
4.2,4.2
3.9,3.9
4.0,3.78
3.8,3.6
3.1,3.1
3.7,3.71
3.8,3.8
3.8,3.8
4.2,4.2
4.4,4.4
4.2,3.84
3.7,3.76
3.7,3.73
4.3,4.3
4.0,4.0
3.7,3.7
2.9,2.9
3.9,3.91
4.2,4.2
3.6,3.6
3.8,3.8
3.8,3.61
4.0,4.21
4.0,3.99
3.9,3.9
3.9,3.9
4.1,4.1
4.1,4.1
4.1,4.1
4.1,4.1
4.1,4.07
3.7,3.7
3.5,3.43
3.8,3.84
3.8,3.8
4.2,4.2
3.9,3.9
4.1,4.01
3.8,3.8
3.7,3.7
3.4,3.39
4.1,4.1
3.6,3.6
4.3,4.3
4.4,4.4
4.1,3.74
3.8,3.67
4.5,4.5
4.5,2.7
3.8,3.8
4.0,4.0
4.0,4.0
4.0,4.0
4.5,4.49
4.3,4.3
2.6,2.6
3.3,3.3
3.6,4.09
4.0,4.0
4.0,4.0
4.4,4.4
4.3,4.23
4.4,4.4
4.4,4.42
2.9,2.9
4.0,4.0
3.8,3.8
2.5,2.5
4.4,4.39
3.4,3.4
3.8,3.8
4.2,4.19
3.6,3.6
3.8,3.8
3.1,3.46
3.9,3.9
3.8,3.8
4.0,4.0
4.5,4.5
3.4,3.62
4.0,3.84
3.5,3.53
4.1,4.1
3.8,3.8
3.7,3.9
4.4,4.03
2.1,2.1
4.3,4.3
4.5,4.5
4.4,4.4
4.0,4.0
4.4,4.33
3.8,3.8
3.9,3.9
2.9,3.89
4.2,4.21
4.1,4.1
4.0,4.0
3.9,3.9
4.2,4.2
4.0,3.97
3.8,3.8
4.6,4.6
3.9,3.9
4.2,4.0
4.5,4.5
4.0,4.0
4.2,4.2
4.4,3.54
4.4,4.33
4.2,3.81
3.4,3.42
4.1,4.1
4.4,4.4
4.0,4.0
4.0,4.0
4.2,4.2
3.9,3.9
3.8,3.74
3.9,4.2
3.9,3.9
4.2,4.2
4.0,4.0
4.2,4.2
3.8,3.79
3.9,3.9
4.2,4.2
3.9,3.26
3.8,3.8
3.8,3.8
4.3,4.3
3.8,3.8
3.8,3.8
4.4,4.4
4.1,4.18
3.8,3.8
4.4,4.4
3.7,3.7
4.3,4.3
4.3,4.3
3.9,3.9
4.1,4.1
3.8,3.8
3.9,3.9
3.4,3.4
4.2,4.2
3.9,3.9
4.1,4.14
4.3,4.3
4.3,4.35
4.1,4.1
2.5,2.55
4.2,4.2
3.8,3.81
4.0,4.0
3.8,2.91
3.9,3.9
3.9,3.9
4.0,4.0
4.0,4.0
3.6,3.61
3.5,3.6
3.8,3.78
4.1,4.1
3.5,3.5
4.1,4.1
3.7,3.7
3.8,3.8
3.6,3.6
4.1,4.07
3.9,3.9
4.2,4.2
4.4,4.44
4.2,3.81
3.9,3.9
3.1,3.1
3.9,3.9
4.0,4.0
4.0,4.0
4.6,4.48
3.8,3.8
4.0,4.0
3.0,3.04
4.0,3.75
3.9,3.9
4.2,4.2
4.3,4.3
3.8,3.8
4.2,4.2
3.8,3.8
3.9,3.92
3.5,3.5
4.1,4.1
3.9,4.05
4.2,4.2
4.3,4.3
4.0,4.0
4.2,4.2
3.7,3.47
3.8,3.8
3.9,3.87
3.9,3.9
3.6,3.6
4.1,4.1
3.9,3.9
3.9,3.9
4.5,4.5
4.0,4.0
4.1,4.1
3.6,3.6
4.0,4.0
3.0,3.01
3.7,3.17
4.0,4.0
4.0,4.0
2.9,2.9
3.6,3.6
4.2,4.2
3.8,3.77
4.3,4.3
2.8,3.45
4.1,4.1
4.5,4.5
4.6,4.6
3.1,3.38
3.8,3.87
4.1,4.1
3.8,3.93
2.8,3.91
3.9,3.85
3.9,3.9
2.5,3.68
3.1,3.1
4.0,4.0
4.2,4.2
3.9,3.9
3.6,3.6
4.0,4.0
3.9,3.9
3.8,3.93
4.0,4.0
4.0,4.0
3.9,3.9
4.0,4.0
3.9,3.9
3.6,3.6
3.8,3.8
4.1,4.1
4.2,4.2
4.0,4.0
3.0,3.0
3.9,3.9
3.0,3.0
3.5,3.66
3.8,3.8
3.6,3.6
3.8,3.8
4.7,4.7
4.2,4.2
4.2,4.2
2.9,2.9
2.4,2.4
2.8,2.8
4.0,4.0
3.8,3.8
3.9,3.9
4.0,4.0
4.2,4.2
3.8,3.8
4.6,4.6
4.1,4.1
4.4,4.4
4.3,4.3
2.8,3.47
4.1,4.1
4.4,4.4
4.3,4.3
3.6,3.6
3.7,3.7
4.4,4.4
3.7,4.3
4.1,4.1
4.5,4.5
4.2,4.2
3.5,3.6
4.2,4.2
4.2,4.3
4.1,4.1
3.9,3.9
3.9,3.9
2.9,3.84
3.8,3.78
4.3,4.3
3.6,3.6
4.2,4.2
3.8,3.8
4.3,4.29
4.4,4.4
4.4,4.4
4.2,4.2
4.0,4.0
4.1,4.1
4.0,4.0
4.3,4.3
4.1,4.1
3.7,3.72
3.9,3.9
4.5,4.5
4.5,4.5
4.0,4.0
3.7,3.28
4.2,4.2
4.4,4.4
2.3,2.32
4.1,4.1
4.3,4.3
4.2,4.2
3.8,3.8
4.1,4.1
3.8,3.8
3.9,3.9
4.2,4.2
4.1,4.1
3.0,3.0
4.5,4.5
4.2,4.2
3.7,3.7
4.2,4.18
3.8,3.8
3.7,3.7
3.9,3.9
4.1,4.1
3.9,3.91
3.1,3.1
3.9,3.9
4.2,4.2
4.4,4.4
3.9,3.85
4.4,4.32
4.2,4.19
3.8,3.8
3.8,3.8
4.3,4.3
2.6,2.6
3.7,3.7
3.6,3.6
4.0,4.0
3.9,3.9
3.9,3.9
4.0,4.0
4.2,4.2
3.8,3.8
4.0,4.0
3.9,3.9
2.9,3.84
4.4,4.4
3.8,3.8
3.8,3.8
3.8,3.8
4.4,4.4
4.1,4.18
4.2,4.2
3.0,3.0
3.9,3.9
3.7,3.7
4.0,4.0
3.7,3.7
3.5,3.5
3.9,3.9
2.7,2.7
4.2,4.2
3.9,3.9
4.1,4.1
4.0,4.0
4.2,4.2
3.8,3.8
3.6,3.59
3.6,3.88
2.8,2.86
3.7,3.7
3.9,3.9
4.4,4.32
3.9,3.9
3.4,3.4
3.9,3.9
3.5,3.5
3.9,3.9
4.2,4.2
3.4,3.41
2.8,2.83
4.1,4.1
4.1,4.1
4.0,4.0
3.9,3.9
4.5,4.5
3.8,3.79
4.4,4.4
3.9,3.94
3.8,3.8
3.7,3.7
4.6,4.6
3.7,3.7
3.9,3.93
3.9,3.92
4.4,4.4
4.2,4.2
4.0,4.0
4.8,4.8
4.4,4.4
4.2,4.2
3.9,3.9
3.8,3.92
4.4,4.4
4.2,4.2
3.4,3.8
4.2,4.2
3.9,3.9
3.9,3.94
3.7,3.7
4.0,4.0
3.9,3.9
4.1,4.1
4.1,4.07
4.4,4.4
4.1,4.1
4.0,4.0
4.1,4.1
3.9,3.9
3.9,3.9
3.8,3.8
3.7,3.7
4.0,4.0
4.3,4.3
4.1,4.09
4.3,4.3
4.2,4.2
4.3,4.3
4.3,4.3
3.6,3.8
3.0,3.0
2.6,2.6
3.1,3.1
4.4,4.4
2.7,2.7
4.1,4.1
4.0,4.0
4.4,4.4
4.3,4.3
3.8,3.8
3.7,3.7
3.8,3.8
4.0,4.0
4.4,4.4
3.8,3.8
3.8,3.8
4.5,4.26
2.9,2.9
4.1,3.84
3.8,3.8
4.2,4.2
3.9,3.9
4.3,4.3
3.7,3.7
4.2,4.14
3.9,3.9
4.1,4.1
4.5,4.5
3.8,3.93
2.7,2.98
3.9,3.9
4.5,4.5
4.6,4.21
3.7,3.7
3.7,3.7
3.8,3.8
3.1,3.0
3.8,3.8
3.7,3.7
4.0,4.0
4.2,4.2
4.7,4.7
3.9,3.9
2.9,3.39
4.2,4.2
4.0,4.0
3.8,3.8
4.3,4.29
3.9,3.9
3.7,3.7
3.8,3.9
3.1,3.08
4.3,4.38
4.2,4.2
3.1,3.15
3.8,3.8
3.9,3.9
4.0,4.0
4.3,4.3
4.0,4.0
4.2,4.2
4.0,4.0
4.1,4.1
4.0,4.0
4.3,4.3
3.9,3.9
3.7,3.7
3.9,3.9
3.9,3.9
3.9,3.9
4.3,4.3
4.0,4.0
3.9,3.9
4.1,4.1
4.0,4.0
4.0,3.99
3.8,3.8
3.8,3.8
4.1,4.1
4.1,4.09
4.0,4.0
4.2,4.2
4.4,4.4
3.6,3.6
4.4,4.4
4.2,4.2
3.8,3.88
4.1,4.1
4.3,4.3
4.2,4.2
3.5,3.5
3.8,3.78
2.7,2.7
3.2,3.2
3.8,3.8
3.5,3.5
3.9,3.87
3.8,3.8
4.5,4.5
2.7,2.7
4.3,4.3
4.0,4.0
4.3,4.3
4.1,4.1
4.2,4.2
3.8,3.8
3.8,3.8
4.0,4.0
4.1,4.1
3.9,3.95
3.8,3.8
4.4,4.4
4.8,4.8
3.9,3.92
4.2,4.2
3.9,3.9
4.5,4.5
4.4,4.4
4.0,4.0
4.2,4.2
3.8,3.8
4.1,4.1
4.0,4.0
4.0,4.0
4.3,4.3
4.0,4.0
3.7,3.7
4.6,4.6
4.3,4.3
4.4,4.4
3.8,3.8
4.5,4.5
3.9,3.9
4.2,4.2
4.3,4.3
3.9,3.9
3.1,3.13
3.9,3.9
2.3,2.3
3.9,3.9
3.7,3.7
4.3,4.3
4.4,4.4
3.9,3.9
4.3,4.3
4.2,4.2
3.7,3.7
3.8,3.8
3.7,3.7
4.0,4.03
4.2,4.2
4.1,4.1
3.9,4.06
3.4,3.43
4.0,4.0
3.8,3.8
3.6,3.6
4.3,4.3
4.0,4.02
4.0,4.0
4.1,4.1
3.8,3.75
4.3,4.3
3.6,3.62
4.2,4.2
3.7,3.7
4.0,3.77
4.1,4.1
2.9,2.9
4.1,4.1
4.4,4.36
3.8,3.8
4.6,4.6
3.8,3.8
4.0,3.96
3.9,3.91
4.0,4.0
4.0,4.0
4.3,4.3
3.8,3.8
4.0,3.96
4.0,4.0
4.0,4.0
3.8,3.28
3.5,3.5
3.6,3.6
3.9,3.9
3.9,3.9
2.3,2.3
3.7,3.7
4.2,4.2
4.1,4.1
3.9,3.9
4.4,4.4
3.9,3.9
3.9,3.9
4.4,4.4
3.8,3.98
4.2,4.2
4.1,4.1
4.0,4.0
4.1,3.94
3.4,3.4
4.1,4.1
3.9,3.9
4.0,4.0
3.9,3.88
3.9,3.9
4.3,4.3
4.4,4.4
4.0,3.97
4.6,4.48
3.9,3.9
4.1,4.1
3.4,3.43
3.9,3.9
3.9,3.9
3.9,3.9
4.4,4.4
4.1,4.1
4.0,4.0
3.9,3.9
4.2,4.2
3.3,3.3
3.7,3.7
3.8,3.39
4.3,4.3
3.5,3.5
3.7,3.7
3.7,3.7
3.9,3.59
3.8,3.8
3.8,3.8
3.6,3.6
4.2,4.2
3.9,3.9
4.2,4.21
4.6,4.6
3.9,3.9
3.8,3.8
4.0,4.0
4.7,4.7
3.9,3.83
4.1,4.1
3.9,3.9
4.5,4.5
3.9,3.9
3.0,3.0
4.0,3.99
3.8,3.8
3.9,3.92
3.8,3.61
3.6,3.6
4.3,4.09
3.9,3.9
3.7,3.7
4.1,4.1
4.0,3.98
2.6,2.68
3.8,3.8
3.9,3.9
4.0,4.0
4.0,4.0
4.0,4.0
3.7,3.7
3.0,3.0
4.0,4.24
3.1,3.1
3.9,3.9
2.5,2.5
4.4,4.4
3.8,3.8
4.3,4.28
3.6,3.6
4.0,2.95
3.6,3.6
4.2,4.2
4.2,4.2
3.8,3.8
2.9,2.9
4.3,4.3
3.9,3.9
3.7,3.7
4.1,4.1
3.8,3.8
3.8,3.8
4.1,4.1
4.4,4.4
3.7,3.7
3.5,3.5
3.9,3.9
3.9,3.9
2.9,4.02
3.7,3.7
4.7,4.7
4.0,3.83
4.0,3.71
4.1,3.47
3.9,3.9
3.8,3.8
3.0,3.0
4.3,4.3
3.8,3.89
3.9,3.9
3.5,3.5
4.0,4.0
4.0,4.0
3.0,3.0
4.1,3.62
3.7,3.7
4.2,4.2
4.1,4.1
2.9,2.9
3.8,3.8
3.8,3.8
3.4,3.5
3.6,3.6
4.4,4.4
2.8,2.8
3.9,4.07
3.8,3.8
3.0,3.0
3.7,3.7
3.9,3.9
4.3,4.3
4.3,4.3
4.2,4.2
3.9,3.9
4.2,3.76
3.8,3.8
4.3,4.3
3.8,3.8
4.2,4.2
4.2,4.2
4.3,4.3
3.9,3.9
3.8,3.8
3.6,3.6
4.5,4.5
3.8,3.8
3.9,3.9
4.0,4.0
4.1,4.1
3.9,3.9
4.2,4.2
4.2,4.2
3.1,3.1
4.2,4.2
4.0,4.0
2.8,2.8
4.1,4.1
3.8,3.8
3.9,3.9
3.7,3.7
3.8,3.8
3.9,3.9
3.7,3.8
3.8,3.8
2.5,2.5
3.9,3.91
2.8,2.8
2.9,2.92
3.9,3.9
3.3,3.3
4.3,4.3
3.7,3.7
4.3,4.3
4.2,4.2
4.2,4.2
3.8,3.8
4.3,4.3
4.0,4.0
3.5,3.53
2.6,3.53
4.2,4.2
4.0,4.0
3.0,3.0
2.7,2.7
4.1,4.1
3.4,3.4
4.2,4.2
3.9,3.9
4.2,4.16
3.8,3.8
3.9,3.9
3.8,3.8
4.2,4.2
4.0,4.0
4.3,4.3
2.7,2.7
3.9,3.9
3.7,3.7
3.8,3.8
4.0,4.0
4.1,4.1
3.4,3.01
3.9,3.9
4.3,4.3
3.9,3.9
4.3,4.29
3.8,3.8
4.7,4.7
4.0,4.0
4.4,4.4
3.8,3.79
3.8,3.8
3.9,3.9
2.9,3.55
3.9,3.9
4.1,4.1
4.2,4.3
2.6,2.6
4.0,4.0
4.4,4.4
3.8,3.8
3.8,3.85
3.6,3.6
3.6,3.61
3.9,3.42
3.6,3.6
2.7,2.7
4.3,4.3
4.1,4.1
4.3,4.3
4.1,4.1
2.8,2.8
4.2,4.2
4.3,4.39
4.5,4.4
3.8,3.96
4.3,4.3
4.2,4.2
4.6,4.6
3.9,3.9
3.5,3.48
3.8,3.8
4.5,4.5
4.0,4.0
4.0,4.02
4.3,4.29
3.9,3.9
3.6,3.6
4.0,3.8
4.0,4.0
3.9,3.83
4.2,4.2
4.2,4.2
4.3,4.3
3.9,3.88
2.6,2.92
3.2,3.2
4.1,4.1
4.2,4.2
4.3,4.3
3.9,3.9
3.7,3.7
4.3,4.3
3.5,3.5
3.7,3.7
4.0,4.0
4.0,4.0
3.4,3.43
4.0,4.0
2.6,2.6
3.6,3.6
3.6,3.54
3.8,3.8
4.1,4.1
3.9,3.89
4.3,4.3
3.9,3.9
3.0,3.9
4.0,4.0
2.8,2.86
3.9,3.9
4.4,4.4
3.8,3.77
4.0,4.0
4.4,4.4
4.5,4.5
4.0,4.0
4.0,4.0
4.0,3.98
3.7,3.52
4.1,4.1
4.1,4.1
4.1,4.1
4.1,4.1
4.0,4.0
3.7,3.7
3.8,3.8
3.9,3.9
3.7,3.69
3.3,3.3
3.8,3.87
4.7,4.7
3.8,3.8
3.5,3.41
3.9,3.8
4.0,3.67
4.1,4.1
4.0,4.0
4.1,4.1
2.9,2.9
4.1,4.1
4.1,4.1
4.3,4.3
4.0,4.0
3.9,3.9
4.0,4.0
3.3,3.3
4.5,4.5
4.3,4.3
4.0,4.0
3.9,3.9
4.1,4.1
3.9,3.77
3.2,3.2
3.7,3.7
3.8,3.8
4.2,4.2
4.0,4.0
4.1,4.1
4.3,4.3
3.8,3.8
4.1,4.1
3.7,3.7
4.4,4.4
4.1,4.1
3.5,3.5
4.1,4.1
4.0,4.0
2.6,2.6
4.0,4.08
3.9,3.9
4.1,4.1
3.6,3.58
4.7,4.7
2.9,2.9
3.9,3.9
4.3,4.3
3.2,3.2
4.1,4.1
4.3,4.23
4.2,4.2
4.2,4.2
3.7,3.7
3.1,3.1
4.0,4.01
4.3,4.3
4.0,4.0
2.7,2.7
3.8,3.8
4.1,4.1
3.7,3.7
4.2,4.2
4.2,4.05
4.1,4.1
4.2,4.2
4.4,4.39
3.9,3.79
3.8,3.8
4.4,4.4
3.2,3.51
3.7,3.7
3.9,3.9
3.5,3.5
4.0,4.0
4.3,4.3
4.5,4.15
4.1,4.1
4.0,4.05
4.0,4.0
3.7,3.7
3.3,3.3
3.7,3.7
4.1,4.1
4.8,4.8
3.9,3.9
3.9,3.9
4.8,4.8
3.0,3.0
3.8,3.8
3.9,3.91
4.1,4.1
4.2,4.2
4.2,4.18
3.8,3.8
3.8,3.8
4.2,4.2
4.1,4.1
4.5,4.5
4.0,4.0
3.9,3.9
4.1,4.1
4.0,4.0
3.9,3.9
3.7,3.7
4.0,4.0
4.2,4.2
4.1,4.1
4.1,4.1
4.6,4.6
4.1,4.1
4.1,4.1
3.7,3.71
4.3,4.3
4.4,4.4
4.2,4.2
3.8,3.8
4.1,4.1
4.3,4.34
4.2,4.2
3.9,3.9
4.2,4.2
4.0,4.0
2.9,2.9
3.9,3.68
4.3,4.3
4.1,4.1
4.4,4.4
4.4,4.33
3.0,3.67
4.9,4.45
3.9,3.9
4.1,3.92
3.9,3.9
3.8,3.8
3.7,3.7
3.2,3.2
3.8,3.8
4.2,4.2
4.1,3.79
3.3,3.3
3.8,3.8
4.3,4.3
3.7,3.65
4.3,4.3
3.8,3.8
3.9,3.9
4.3,4.3
3.9,3.9
4.1,4.1
3.8,3.78
2.9,2.9
4.2,4.2
3.3,3.3
3.9,3.9
4.0,4.0
4.1,4.1
4.2,4.2
3.8,3.8
4.2,4.2
4.6,4.6
4.2,4.2
3.0,3.93
4.1,4.1
3.8,3.8
4.1,4.1
4.3,4.3
4.4,4.4
3.8,3.8
3.6,3.6
3.3,3.3
4.4,4.4
3.9,3.9
3.9,3.9
3.9,3.9
2.8,2.8
4.3,4.3
3.9,3.93
4.2,4.2
3.8,3.8
4.1,3.95
3.9,3.9
2.7,2.7
4.2,4.17
3.6,3.62
4.1,4.1
4.4,4.4
4.0,4.0
4.1,4.1
4.0,4.0
4.1,4.1
2.6,2.6
4.3,4.3
4.3,4.3
4.9,4.89
4.0,4.0
3.1,3.1
3.9,3.9
4.4,4.4
4.1,4.1
4.3,4.3
4.4,4.4
4.0,3.99
3.9,3.86
3.9,3.8
4.1,4.1
3.7,3.7
4.4,4.4
2.7,2.7
3.6,3.6
4.1,4.1
4.3,4.3
3.8,3.8
4.0,4.0
3.9,3.9
4.4,4.4
3.7,3.65
4.5,4.5
3.9,3.9
4.4,4.4
4.0,4.0
2.8,2.8
3.1,3.67
4.5,4.5
4.2,4.1
4.5,4.5
2.8,2.8
3.9,3.9
4.1,4.1
3.7,3.7
3.8,3.8
4.1,4.1
3.9,3.9
4.2,4.19
3.9,3.9
4.1,4.1
3.6,3.6
3.6,3.6
4.4,4.4
4.0,4.0
4.2,4.18
4.1,4.1
4.3,4.27
3.3,3.3
4.2,4.18
4.5,4.5
4.4,4.4
3.8,3.82
3.9,3.9
3.7,3.7
3.9,3.9
3.4,3.5
3.8,3.8
4.0,4.0
3.8,3.8
2.8,2.8
4.6,4.6
3.7,3.7
3.6,3.6
4.4,4.4
3.7,3.7
3.8,3.8
3.6,3.6
3.3,3.52
3.9,3.9
4.1,4.1
3.8,3.8
3.7,3.81
3.7,3.7
3.5,3.71
3.9,3.9
3.9,3.9
4.2,4.19
4.6,4.21
4.0,4.0
3.1,3.1
3.8,3.94
4.0,4.0
4.2,4.2
4.3,4.3
4.3,4.3
4.2,4.2
3.9,3.9
4.1,4.1
4.2,4.2
3.6,3.61
4.5,4.5
4.1,4.1
3.9,3.9
4.4,4.4
4.4,4.34
4.7,4.7
4.2,4.2
4.3,4.31
3.1,3.1
4.3,4.3
3.8,3.9
4.7,4.7
4.2,4.2
3.7,3.7
3.7,3.7
4.3,4.3
4.2,4.2
3.7,3.7
3.7,3.7
4.1,3.84
4.6,4.6
3.8,3.8
4.2,4.2
4.0,4.0
4.1,4.1
3.9,3.9
3.9,3.9
3.0,3.0
3.9,3.9
4.0,4.0
2.4,2.4
3.9,3.9
4.5,4.5
3.7,3.7
4.2,4.18
2.6,2.6
4.3,4.3
3.8,3.8
4.2,4.2
4.2,4.2
3.8,3.8
3.0,3.0
4.1,4.1
4.0,4.0
2.7,2.7
4.3,4.3
3.8,3.84
4.4,4.4
4.3,4.3
3.6,3.7
4.6,4.6
3.8,3.8
4.2,4.2
4.2,4.2
4.0,4.0
3.9,3.9
3.9,3.68
4.3,4.3
3.8,3.8
4.3,4.3
4.2,4.2
4.3,4.3
4.2,4.2
4.3,4.3
3.6,3.6
3.8,3.8
4.0,4.0
3.9,3.9
3.9,3.9
3.7,3.51
4.1,4.1
4.0,4.0
4.3,4.3
4.8,4.69
3.9,3.9
4.2,4.2
3.9,3.9
4.1,4.1
4.1,4.09
4.0,4.0
4.0,4.0
3.9,3.9
3.4,3.39
3.9,3.9
3.7,3.74
4.0,4.0
4.0,4.0
3.8,3.77
3.5,3.5
4.0,4.0
2.8,2.8
4.5,4.5
4.0,4.2
4.1,4.1
4.4,4.4
3.3,3.3
4.0,4.0
3.9,3.9
4.2,4.2
4.1,3.86
3.8,3.8
4.1,4.03
4.1,4.1
3.8,3.8
4.5,3.73
3.9,3.48
3.3,3.3
3.8,3.81
3.8,3.8
3.9,3.9
3.9,3.9
3.9,3.9
4.4,4.4
3.8,3.81
4.3,4.3
3.8,3.8
4.3,4.34
4.1,4.1
4.2,4.13
4.1,4.1
3.0,3.9
4.0,4.0
4.2,4.2
3.9,3.9
3.8,3.8
4.1,4.1
2.9,2.9
4.1,4.1
3.2,3.2
3.7,3.7
3.8,3.53
4.3,4.3
4.7,4.7
4.2,4.2
4.1,4.1
4.4,4.4
4.0,4.0
4.3,4.3
4.0,4.0
3.6,3.6
3.4,3.4
2.8,2.8
4.5,4.5
3.9,3.9
2.2,2.15
4.0,3.68
3.8,3.93
3.8,3.8
4.1,4.1
3.9,3.9
3.7,3.7
3.7,3.7
4.3,4.3
4.7,4.7
3.9,3.9
3.8,3.77
3.9,4.0
4.0,4.0
3.9,3.9
3.2,3.2
4.0,4.0
3.7,3.7
3.7,3.7
3.6,3.6
3.8,3.8
3.4,3.4
3.9,3.9
4.0,4.0
4.1,4.1
3.0,3.0
4.2,4.2
3.9,3.9
4.0,3.92
4.5,4.5
4.5,4.5
4.1,4.1
4.1,4.1
3.8,3.85
2.9,2.9
3.7,3.7
3.5,3.5
4.0,4.0
4.0,3.83
4.4,4.4
4.1,4.1
4.0,3.7
4.0,4.0
2.9,3.84
3.6,3.6
3.6,3.7
3.7,3.7
3.5,3.5
4.0,4.0
3.6,3.6
4.0,4.0
4.0,3.56
3.5,3.44
3.4,3.4
3.9,3.9
3.7,3.7
4.3,4.3
4.9,4.9
3.9,3.9
4.2,4.19
4.0,4.0
4.5,4.5
3.8,3.8
3.9,3.9
3.4,3.4
3.5,3.5
2.6,2.6
3.1,3.1
4.0,4.0
3.9,3.9
3.7,3.7
4.3,4.3
3.9,3.85
3.7,3.7
4.0,4.0
4.3,4.3
3.8,3.8
4.2,4.2
2.5,2.5
3.7,3.7
3.8,3.8
4.2,4.2
3.8,3.8
4.1,4.1
4.0,4.0
3.7,3.74
2.9,2.9
2.7,2.7
3.8,3.8
4.1,4.1
3.9,3.93
2.6,2.65
3.8,3.8
4.5,4.5
3.7,3.7
4.0,4.0
3.9,3.9
4.1,4.1
2.9,2.9
4.2,4.2
3.0,3.0
3.9,3.85
4.0,4.0
4.0,4.0
4.4,4.4
2.3,2.3
3.8,3.8
4.0,4.0
4.1,4.1
4.0,4.0
3.7,3.7
2.3,2.3
4.1,4.1
3.9,3.88
4.1,4.1
3.8,3.8
4.0,4.0
3.8,3.8
4.3,4.27
4.1,4.11
4.0,4.0
3.6,3.6
4.1,4.1
4.3,4.29
4.1,4.1
4.4,4.4
4.1,4.1
3.8,3.8
4.0,4.0
3.6,3.6
4.2,4.19
4.1,4.1
4.1,4.1
3.8,3.82
3.7,3.7
3.9,4.0
4.8,4.8
3.6,3.6
4.0,4.0
4.3,4.36
4.0,4.0
4.5,4.5
3.3,3.3
3.9,3.9
4.3,4.3
4.3,3.29
3.9,3.9
4.1,4.1
3.6,3.63
3.4,3.76
4.3,4.3
4.0,3.82
4.2,4.2
3.8,3.8
3.5,3.5
4.3,4.3
4.2,4.2
3.8,3.83
4.5,4.5
3.9,3.9
3.5,3.48
3.9,3.9
3.7,3.7
4.2,4.2
4.2,4.2
3.6,3.6
3.9,3.9
3.8,3.87
4.2,4.2
4.4,4.4
3.8,3.8
2.5,2.55
3.8,3.8
4.3,4.3
4.1,4.1
3.1,3.1
4.0,4.0
4.6,4.6
3.8,3.8
4.0,4.0
4.3,4.11
3.9,3.9
3.6,3.6
3.6,3.6
3.8,3.8
4.1,4.1
4.5,4.5
3.9,3.9
3.9,3.9
3.5,3.45
3.7,3.7
4.2,4.2
4.2,4.2
4.1,4.04
4.3,4.24
4.0,4.0
3.9,3.9
4.3,4.3
3.0,3.17
3.6,3.6
3.2,3.2
3.7,3.71
4.7,4.7
4.2,4.2
4.3,4.3
4.0,3.83
4.0,4.0
4.2,4.46
4.1,4.09
4.0,4.0
3.9,3.9
4.5,4.5
3.8,3.81
4.1,4.1
4.4,4.37
3.8,3.79
3.7,3.7
3.9,3.9
3.9,3.9
3.3,3.3
3.7,3.7
3.8,3.8
4.1,4.1
3.6,3.6
4.0,4.0
4.3,4.09
3.9,3.9
3.6,3.6
3.8,3.8
3.1,3.1
3.6,3.6
4.0,4.0
4.1,3.47
3.7,3.7
4.1,4.1
3.8,3.8
3.9,3.86
3.8,3.8
4.1,3.91
4.1,4.1
4.1,4.1
3.8,3.81
4.4,3.98
3.9,3.9
4.3,4.25
4.5,4.48
4.2,4.2
4.1,4.1
3.9,3.71
2.9,2.9
4.1,4.1
4.0,4.0
4.0,4.04
3.9,3.9
4.1,4.1
3.8,3.8
3.8,3.8
4.4,4.4
3.8,3.8
3.9,3.7
4.1,4.1
3.5,3.5
3.9,3.7
4.0,4.0
3.6,3.61
3.9,3.9
4.4,4.4
3.8,3.8
3.0,3.0
4.2,4.2
4.1,4.1
2.8,2.8
3.8,3.8
4.1,4.1
3.9,3.9
3.6,3.6
3.9,3.86
4.1,4.1
3.6,3.6
3.7,3.7
3.7,3.7
4.1,4.1
4.0,4.0
4.0,4.0
3.5,3.5
3.7,3.77
3.8,3.83
3.9,3.91
4.4,4.4
3.7,3.7
3.5,3.58
3.9,3.9
3.9,3.9
4.0,4.0
4.3,4.3
3.9,3.9
3.7,3.7
3.7,3.7
4.6,4.6
3.9,3.9
2.7,3.8
2.9,2.9
2.7,3.71
4.0,4.01
4.1,4.1
3.8,3.8
2.9,2.85
3.9,3.9
4.1,4.1
3.2,3.32
4.0,4.0
4.5,4.46
3.2,3.2
3.2,3.2
4.3,4.28
2.8,2.8
4.0,4.0
3.4,3.4
3.8,3.8
4.0,4.0
3.5,3.5
4.0,4.0
4.6,4.6
3.5,3.5
3.7,3.73
3.9,3.9
3.4,3.2
4.1,4.1
3.8,3.8
4.9,4.46
4.4,4.4
3.5,3.5
4.0,4.0
4.0,4.0
4.3,4.3
3.9,3.91
4.3,4.3
3.8,3.7
3.8,3.62
3.0,3.0
3.7,3.74
3.7,3.7
3.8,3.82
4.2,4.15
4.1,4.1
4.6,4.6
3.7,3.7
3.7,3.7
4.0,4.0
4.0,4.0
3.8,3.8
4.0,4.0
4.0,3.98
4.5,4.59
3.8,3.8
3.9,3.9
4.1,4.1
3.9,3.9
3.9,3.9
4.0,4.0
3.7,3.7
3.8,3.8
4.0,4.0
3.3,3.3
3.6,3.6
4.0,4.0
4.3,4.3
4.8,4.62
4.2,4.2
4.5,4.5
3.8,3.89
4.1,4.1
4.0,4.0
4.0,4.0
4.3,3.93
3.5,3.26
3.8,3.81
4.0,4.0
3.9,4.03
2.6,2.6
3.9,3.9
3.2,3.2
4.2,4.2
4.1,4.1
4.2,4.2
4.3,4.3
3.9,3.91
3.8,3.8
3.8,3.79
4.0,3.95
3.7,3.52
4.0,3.98
4.4,4.4
3.5,3.5
4.1,4.1
3.9,3.9
3.9,3.9
4.3,4.3
2.7,2.7
3.9,3.86
4.0,3.89
4.0,4.0
4.1,4.1
3.7,3.7
3.7,3.7
4.1,4.1
3.9,3.9
3.9,3.9
3.9,3.85
3.8,3.8
3.7,3.67
4.7,4.7
4.5,4.48
4.1,4.1
4.2,3.94
4.2,4.2
4.2,4.2
4.5,4.5
3.9,3.9
4.3,4.3
3.8,3.8
3.5,3.5
4.4,4.4
3.7,3.7
4.3,3.91
4.1,4.1
4.2,4.2
3.7,3.26
4.4,4.36
3.5,3.5
3.7,3.51
3.8,3.8
3.5,3.5
4.2,4.21
4.2,4.2
4.0,3.71
4.0,4.0
2.7,2.7
3.8,3.8
4.2,4.2
3.6,3.6
3.7,3.7
4.1,4.1
4.0,4.0
4.2,4.2
3.8,3.8
4.1,4.1
3.1,3.1
3.2,3.2
3.9,3.9
3.6,3.6
4.4,4.29
3.8,3.8
4.5,4.5
4.1,4.1
3.1,3.46
4.0,4.0
4.4,4.31
4.3,4.3
3.3,3.3
3.7,3.7
4.0,3.98
4.3,4.3
3.8,3.86
4.1,4.1
3.5,3.5
4.4,4.4
3.7,3.7
4.0,4.0
3.1,3.1
4.2,4.2
3.7,3.75
4.0,4.02
3.8,3.8
4.0,4.0
3.0,3.0
4.0,4.0
3.9,3.9
4.2,4.2
4.2,4.2
3.8,3.8
3.4,3.4
4.2,4.2
3.3,3.46
3.8,3.8
3.1,3.15
4.0,4.0
3.7,3.63
3.6,3.6
4.3,4.3
4.1,4.1
3.8,3.8
3.6,3.6
3.9,3.9
4.0,4.0
4.2,4.2
4.2,4.3
3.6,3.41
4.4,4.4
4.1,4.1
4.2,4.23
4.3,4.3
4.0,4.0
4.1,4.1
4.6,4.6
4.5,3.64
4.1,4.1
4.4,4.4
3.9,3.9
4.1,4.1
4.2,4.2
4.4,4.4
4.3,4.3
3.2,3.2
4.4,4.4
4.6,4.62
4.1,4.11
3.9,3.9
3.9,3.9
3.9,3.9
3.7,3.7
3.2,3.54
4.0,4.0
4.6,4.6
3.8,3.8
4.4,3.77
3.7,3.7
3.2,3.2
4.0,4.0
3.7,3.5
4.3,4.3
3.4,3.46
3.0,3.0
3.9,3.9
4.0,4.0
3.8,3.8
4.2,4.2
3.8,3.83
3.9,3.9
4.4,4.4
3.8,3.8
2.8,2.8
4.5,4.5
4.1,4.1
3.9,3.9
2.7,2.7
4.6,4.55
3.7,3.7
2.6,2.6
4.0,4.0
4.1,4.1
3.1,3.08
3.8,3.8
3.8,3.8
3.6,3.6
3.0,3.0
3.6,3.6
2.6,2.55
4.9,4.9
4.0,3.98
2.8,2.8
4.0,4.0
4.3,4.25
4.1,4.1
4.4,4.4
3.7,3.91
4.0,4.0
4.5,4.5
3.9,3.9
4.1,4.1
4.0,3.75
3.8,3.8
4.1,4.1
3.8,3.8
4.0,4.0
4.5,4.5
4.1,4.1
3.8,3.8
4.2,4.19
4.0,4.0
3.4,3.4
4.0,4.0
4.1,4.1
3.9,3.9
4.0,4.0
3.6,3.6
4.0,4.0
4.2,4.2
4.2,4.2
2.4,3.92
4.2,4.2
3.7,3.7
4.1,3.7
3.2,3.2
4.0,4.0
3.9,3.9
3.7,3.7
4.1,4.1
4.4,4.4
4.3,4.3
3.8,3.8
4.1,4.1
4.2,4.2
3.7,3.57
3.1,3.1
4.4,4.29
3.8,3.8
4.0,4.0
4.0,4.07
3.9,3.87
4.3,4.3
3.4,3.4
4.1,4.1
3.9,3.9
4.1,4.1
4.1,4.17
4.3,4.3
4.2,4.2
4.1,4.1
4.2,4.2
4.0,4.0
3.8,3.8
4.0,3.9
3.9,3.9
4.4,4.4
4.1,4.1
2.9,3.0
4.1,3.61
3.7,3.7
3.9,3.78
3.8,3.8
4.6,4.59
3.8,3.8
4.3,4.3
3.9,3.9
2.9,4.02
2.9,2.9
4.0,4.0
3.9,3.9
4.2,4.2
3.6,3.8
3.0,3.93
4.4,4.4
3.9,3.9
3.7,3.7
3.3,3.3
4.3,4.3
2.7,2.7
3.8,3.81
3.7,3.7
4.0,4.0
3.9,3.9
3.6,3.6
4.0,4.0
4.1,4.1
2.6,2.6
4.3,4.05
3.8,3.8
4.0,3.68
4.0,4.0
4.0,4.0
4.3,4.23
3.9,3.9
4.0,3.59
4.1,4.1
3.0,3.0
2.8,2.8
3.8,3.8
3.7,3.7
4.4,4.41
3.8,3.78
3.8,3.8
3.9,3.84
4.3,4.29
4.0,4.0
4.1,4.1
3.7,3.73
4.1,4.1
3.7,3.7
3.9,3.93
3.9,3.9
3.9,3.88
4.4,4.4
3.9,3.9
3.9,3.93
3.0,3.0
4.4,4.4
3.9,3.9
3.9,3.9
4.1,4.1
4.1,4.1
3.9,3.86
4.0,3.68
3.8,3.8
3.5,3.5
3.7,3.7
4.1,3.97
3.9,3.9
4.5,4.5
3.9,3.9
3.8,3.8
4.3,4.3
3.4,3.4
3.6,3.6
4.0,4.03
3.9,3.9
3.8,3.8
3.9,3.9
3.5,3.5
4.2,4.2
3.7,3.7
4.0,4.0
3.8,3.81
4.1,4.1
3.7,2.1
4.1,4.1
4.4,4.34
4.0,4.0
3.6,3.55
4.2,4.2
4.0,4.0
3.7,3.7
3.4,3.4
4.1,4.09
4.1,4.2
4.0,4.0
3.7,3.68
4.3,4.3
3.9,3.9
4.6,4.6
4.1,4.1
3.7,3.7
3.8,3.81
3.8,3.8
3.9,3.9
3.8,3.75
3.8,3.8
4.0,4.0
3.8,3.8
3.0,3.2
3.9,3.85
3.9,3.9
3.7,3.7
4.2,4.2
3.6,3.77
4.3,4.3
3.0,3.0
3.7,3.7
3.8,3.73
3.3,3.3
4.4,4.33
3.9,3.9
4.1,4.1
3.4,3.78
4.0,4.0
3.6,3.6
3.7,3.7
4.3,4.28
3.9,3.9
4.3,4.3
3.8,3.8
4.3,4.28
4.3,4.3
4.4,4.4
2.5,2.5
3.8,3.8
4.4,4.4
3.8,3.58
3.4,3.39
4.0,4.0
3.7,3.7
3.6,3.6
3.9,3.9
4.4,4.45
3.9,3.9
4.0,4.0
4.1,4.1
4.6,4.6
3.7,3.7
4.2,4.2
3.6,3.6
3.9,3.85
3.6,3.6
4.0,4.0
4.2,4.2
3.9,3.9
4.0,4.0
3.8,3.8
4.1,4.1
4.0,4.0
3.9,3.9
3.8,3.8
4.3,4.3
3.7,3.7
4.1,4.1
4.4,4.4
3.5,3.5
3.7,3.7
3.8,3.69
4.3,4.3
3.7,3.7
4.4,4.4
4.5,4.5
4.3,4.3
4.1,4.1
4.0,4.0
4.0,4.0
4.1,4.1
4.5,4.5
4.2,4.15
3.9,3.9
4.3,4.3
4.4,4.4
4.0,4.0
4.3,4.3
2.9,3.84
4.0,3.28
3.9,3.9
4.0,4.0
4.1,4.1
3.8,3.85
4.4,4.4
4.1,4.1
3.9,3.9
3.6,3.6
4.1,4.07
3.5,3.54
2.3,2.23
4.0,4.0
3.1,3.1
3.9,3.9
4.4,4.4
2.3,2.3
4.2,4.2
3.7,3.7
4.3,4.3
4.0,4.0
4.0,4.01
3.7,3.12
3.7,3.7
3.8,3.8
4.3,4.3
2.9,3.09
4.2,4.2
3.7,3.7
3.8,3.8
4.2,4.18
3.7,3.7
3.3,3.3
3.7,3.7
3.7,3.7
3.5,3.5
4.2,4.2
4.5,4.5
3.6,3.6
4.1,4.1
4.2,3.73
4.2,4.1
3.8,3.8
4.1,4.1
3.9,3.9
4.2,4.2
3.4,3.4
3.9,3.35
3.3,3.73
3.9,3.44
3.9,3.9
4.2,4.2
3.9,3.9
4.3,4.3
3.6,3.71
3.7,3.7
4.0,3.9
3.9,3.9
3.5,3.55
3.1,3.1
3.9,4.0
4.3,4.23
3.0,3.0
4.2,4.2
3.3,3.3
4.1,4.1
3.7,3.7
4.5,4.5
4.0,4.0
2.8,2.8
3.6,3.6
4.4,4.4
4.1,4.1
4.2,4.21
4.3,4.27
4.3,4.3
4.1,4.1
3.7,3.79
3.1,3.1
3.6,3.6
4.0,4.0
4.1,4.1
3.7,3.7
3.8,3.8
4.3,4.3
3.6,3.6
3.5,3.54
4.3,4.3
4.1,4.1
4.3,4.3
3.5,3.5
3.7,3.7
4.0,4.15
2.0,2.04
4.4,4.4
4.8,4.8
3.9,3.9
3.9,3.9
4.1,4.1
3.8,3.8
3.8,3.8
4.4,4.4
4.2,4.2
3.7,3.7
3.6,3.6
4.8,4.8
3.7,3.7
4.1,4.1
4.0,4.0
4.1,4.1
4.2,4.2
4.2,4.2
3.8,3.58
4.4,4.4
3.7,3.7
4.2,4.2
4.0,4.0
4.2,4.2
3.8,3.93
2.8,3.72
3.0,3.0
3.9,3.83
3.9,3.9
3.5,3.53
3.9,3.9
4.1,4.1
3.0,3.89
2.2,2.2
3.7,3.7
3.6,3.6
3.1,3.1
3.4,3.4
4.8,4.77
4.3,4.3
4.1,4.1
3.7,3.7
3.6,3.6
3.6,3.6
4.0,4.0
4.1,3.67
4.3,4.3
4.1,4.1
4.2,4.2
4.2,4.2
2.9,2.9
3.9,3.88
4.1,4.06
3.8,3.8
3.7,3.7
3.9,3.9
3.9,3.9
3.3,3.3
3.6,3.6
4.4,4.39
4.2,4.2
3.9,3.9
3.9,3.9
4.5,4.5
3.7,3.7
4.0,4.04
4.1,3.03
4.5,4.5
3.7,3.7
4.1,4.1
3.2,3.2
4.4,4.4
3.6,3.55
4.3,4.3
4.2,4.2
4.4,4.4
3.8,3.8
4.1,4.1
3.9,3.9
3.0,3.0
3.9,3.9
4.2,4.2
4.2,4.21
3.6,3.6
4.4,4.4
3.8,3.8
4.2,4.2
4.1,4.1
4.2,4.2
4.1,4.11
4.0,3.95
3.8,3.9
3.9,3.9
3.8,3.8
3.9,3.95
3.9,3.9
4.2,4.16
4.2,4.19
4.1,3.95
4.3,4.3
3.9,3.9
4.4,4.4
4.0,4.0
3.9,3.9
4.0,3.98
3.9,3.9
4.1,4.1
3.0,3.0
3.3,3.47
4.2,4.2
3.9,3.9
3.7,3.71
4.4,4.4
4.4,4.34
2.8,2.8
4.4,4.19
4.6,4.6
4.5,4.5
3.2,3.11
3.8,3.8
3.8,3.8
4.4,4.4
4.3,4.3
3.8,3.8
4.2,4.2
4.0,4.0
4.2,4.2
3.9,3.9
3.4,3.05
3.8,3.8
4.0,4.0
3.9,3.4
3.6,3.62
3.8,3.79
4.6,4.6
3.9,3.9
3.9,3.9
3.9,3.9
4.1,4.1
3.7,3.7
3.7,3.68
4.2,4.2
3.5,2.96
4.0,4.0
4.3,4.3
4.3,4.3
4.7,4.7
3.9,3.9
4.0,4.0
3.9,3.8
4.4,4.4
4.2,4.2
3.9,3.9
2.8,2.8
4.1,4.1
4.0,4.0
4.3,4.3
3.3,3.3
4.1,4.08
3.8,3.8
3.7,3.7
4.2,4.2
4.3,4.23
4.0,4.0
4.2,4.2
4.1,4.1
4.1,4.1
3.9,3.9
3.5,3.6
4.1,4.1
4.0,3.92
4.0,4.0
3.9,3.9
3.8,3.85
3.9,3.9
4.3,4.3
4.3,4.3
4.0,3.83
3.8,3.8
4.2,4.2
3.9,3.22
4.3,4.3
3.7,3.7
4.4,4.4
4.1,4.1
4.1,4.1
4.2,4.1
4.0,4.0
4.5,4.19
4.3,4.3
4.2,4.2
4.0,4.0
3.5,3.5
3.6,3.6
4.0,4.0
4.1,4.1
3.8,3.8
3.0,3.0
2.9,2.9
2.9,2.9
3.9,3.9
4.0,4.0
3.9,3.9
3.7,3.72
4.2,4.2
4.1,4.1
2.7,2.7
4.0,4.0
4.2,4.2
3.2,3.2
2.4,2.4
4.2,4.2
3.7,3.7
3.7,3.7
4.0,4.0
4.0,3.77
3.8,3.8
4.7,4.7
3.5,3.5
4.0,4.0
4.0,4.0
4.0,4.0
4.2,4.2
4.3,4.3
3.9,3.9
3.4,3.51
3.9,3.9
4.0,4.03
3.5,3.26
3.8,3.8
3.9,3.9
3.7,3.7
4.0,4.0
3.8,3.8
4.0,3.56
4.6,4.48
4.1,3.99
3.9,3.9
4.0,4.0
3.9,3.9
4.0,4.0
3.2,3.2
3.9,3.9
4.2,4.2
4.1,4.1
3.8,3.8
3.8,3.79
3.9,3.9
3.9,3.41
4.0,4.0
3.8,3.8
4.1,4.1
3.8,3.8
3.9,3.9
2.8,2.81
3.6,3.6
4.1,4.11
3.9,3.9
3.9,3.9
4.0,4.0
4.2,4.2
3.4,3.47
4.1,4.1
3.7,3.7
3.9,3.9
4.0,3.76
3.8,3.8
3.9,3.9
3.8,3.8
3.7,3.7
4.1,4.1
4.3,4.3
4.2,4.17
3.8,3.8
4.3,4.3
4.0,4.0
4.3,4.3
4.2,4.2
3.6,3.6
3.5,3.5
4.0,4.0
3.2,3.2
4.0,4.0
4.2,3.98
4.1,4.1
4.2,4.2
4.1,4.1
3.7,3.7
4.2,4.2
3.9,3.74
2.8,2.8
4.1,4.1
4.2,4.2
4.0,4.0
4.4,4.4
4.4,4.4
4.5,4.5
4.1,4.1
4.1,4.06
4.4,4.4
3.7,3.7
4.3,4.3
4.1,4.1
3.2,3.2
3.2,3.2
3.3,3.3
3.9,3.82
3.8,3.8
3.7,3.7
4.2,4.2
4.0,4.0
3.8,3.68
4.2,4.2
4.1,4.11
3.8,3.8
4.1,4.09
2.8,2.8
3.1,3.75
3.5,3.5
4.1,4.1
3.8,3.8
4.1,4.1
4.1,4.1
3.6,3.6
4.0,4.0
3.4,3.4
3.9,3.9
3.0,3.0
3.8,3.8
3.8,3.81
2.9,2.9
4.1,4.1
4.1,4.1
3.8,3.8
4.2,4.2
3.9,3.9
2.7,2.7
2.7,2.7
4.1,4.1
3.8,3.39
4.1,4.1
4.3,4.3
3.8,3.8
3.9,3.9
3.6,3.6
4.6,4.6
3.9,4.0
2.6,2.69
4.1,4.1
4.6,4.6
4.0,3.73
4.2,4.2
3.5,3.58
4.1,4.1
4.0,4.0
2.8,2.8
2.6,3.54
3.9,3.9
3.6,3.14
3.2,3.2
3.7,3.81
4.0,4.0
3.9,3.72
2.9,2.92
3.9,3.67
4.2,4.2
4.0,4.0
2.9,2.9
3.9,3.9
4.1,4.1
3.5,3.61
3.7,3.7
3.9,3.71
3.9,3.9
3.8,3.8
2.5,3.68
3.8,3.8
3.9,3.9
3.8,3.8
3.9,3.9
4.1,3.88
3.7,3.77
4.1,4.1
3.9,3.9
3.7,3.7
3.7,3.7
3.7,3.71
2.2,2.2
3.8,3.8
4.2,4.1
4.1,4.1
4.4,4.4
4.0,4.0
4.3,4.3
4.3,4.3
4.0,4.0
4.3,4.27
3.9,3.51
4.3,4.3
3.9,3.9
3.9,3.9
3.9,3.9
4.1,4.1
4.0,4.0
3.8,3.8
4.0,4.0
3.8,3.8
4.3,4.3
4.0,4.0
3.8,3.8
4.5,4.5
4.1,4.1
3.7,3.7
3.9,3.9
3.8,3.8
3.9,3.9
4.0,4.0
3.8,3.8
4.2,4.2
3.7,3.7
2.4,3.58
3.8,3.8
3.8,3.8
3.8,3.8
4.0,4.01
4.0,3.98
4.4,4.34
4.1,4.1
4.2,4.2
4.2,4.2
3.9,3.9
4.2,4.2
4.6,4.6
4.9,4.9
4.3,4.3
4.4,4.4
4.5,4.5
3.8,3.82
3.6,3.17
2.9,2.9
3.8,3.8
4.3,4.3
4.0,4.0
3.1,3.1
4.1,4.1
4.0,4.0
4.0,4.0
3.3,3.3
3.9,3.9
4.1,4.1
3.7,3.7
4.2,4.2
4.1,4.1
4.0,4.0
4.1,4.1
2.9,3.44
3.9,3.9
4.3,4.3
4.2,4.2
4.3,4.3
4.3,4.3
3.8,3.8
3.9,3.9
4.3,4.3
4.1,4.11
3.8,3.8
4.0,4.0
3.9,3.9
4.2,4.2
3.9,3.9
4.0,3.97
4.3,4.3
4.0,3.89
4.4,4.37
3.8,3.8
2.9,3.2
3.6,3.6
3.9,3.9
4.2,4.09
3.4,3.4
3.9,3.9
4.1,4.1
3.7,3.7
3.6,3.6
4.4,4.4
3.7,3.7
3.9,3.9
3.9,4.05
4.0,4.0
3.8,3.8
3.9,3.84
3.9,3.9
4.4,4.4
4.4,4.3
3.8,3.8
3.8,3.8
3.9,3.97
4.0,4.0
3.6,3.61
4.1,4.08
4.0,4.0
4.1,4.1
3.8,3.8
3.7,3.7
3.8,3.8
3.9,3.9
3.9,3.9
3.9,3.9
4.1,4.1
4.3,4.3
4.0,4.1
3.7,3.7
2.9,3.57
4.5,4.5
2.9,2.9
3.6,3.6
4.1,4.1
4.0,4.05
4.1,4.1
4.2,4.2
3.8,3.8
3.7,3.7
3.9,3.9
4.0,4.0
4.1,4.1
4.2,4.2
3.9,3.9
4.6,4.6
4.1,4.1
4.2,4.2
3.9,3.9
3.7,3.67
3.8,3.8
4.1,4.1
3.7,3.7
3.7,3.7
3.0,3.0
4.3,4.3
3.7,3.7
4.0,4.0
4.1,4.09
3.8,3.8
4.1,3.82
4.1,4.13
3.9,3.9
4.0,4.06
4.0,3.81
4.3,4.3
3.6,3.6
4.5,4.5
3.0,3.0
3.9,3.92
2.3,2.3
4.2,4.16
3.9,3.9
4.0,4.0
4.0,3.96
4.0,4.03
3.4,3.4
3.6,3.6
4.1,4.1
3.8,3.8
3.5,3.5
3.8,3.8
3.9,3.9
3.5,3.5
3.9,3.9
3.8,3.81
3.9,3.9
4.0,3.98
3.6,3.86
3.1,3.1
3.9,3.9
3.4,3.4
3.8,3.8
4.1,4.1
4.0,3.99
3.8,3.8
3.8,3.8
3.7,3.7
3.2,3.35
4.5,4.5
4.5,4.5
3.7,3.7
4.1,4.1
4.2,4.2
3.7,3.43
3.5,3.45
3.9,3.9
3.9,3.9
3.8,3.8
3.7,3.7
4.1,4.1
4.3,4.3
3.8,3.77
2.4,2.4
3.2,3.2
3.9,3.89
3.8,3.8
4.1,4.1
2.8,2.8
4.1,4.05
4.5,4.5
4.3,4.3
4.0,4.0
3.9,3.9
3.7,3.7
3.4,3.4
3.9,3.9
3.7,3.7
4.2,4.2
4.0,4.0
3.7,3.57
4.4,4.4
4.4,4.4
4.1,4.1
4.1,4.1
4.2,4.2
3.9,3.91
4.3,4.3
3.4,3.4
4.0,4.0
4.1,4.11
3.8,3.8
4.1,4.1
4.3,4.3
3.4,3.4
4.2,4.2
4.3,4.37
3.7,3.7
4.2,4.2
4.4,4.4
3.8,3.8
4.4,4.4
4.1,4.2
3.6,3.6
4.6,4.6
3.9,3.9
3.8,3.96
4.0,3.99
3.7,3.68
4.5,4.5
3.9,3.9
3.6,3.6
4.1,4.1
3.3,3.36
3.9,3.9
3.4,3.46
2.9,2.9
4.1,4.1
3.9,3.9
3.9,3.9
4.5,4.5
4.0,4.0
3.9,3.77
4.4,4.4
2.7,2.7
4.2,4.2
3.9,3.9
3.6,3.6
2.8,2.8
3.8,3.95
4.3,4.3
4.0,4.0
4.1,3.89
3.2,3.2
4.1,4.1
3.9,3.9
4.0,4.0
2.8,2.8
3.9,3.9
4.4,4.4
4.1,4.1
3.9,3.9
3.9,3.9
3.3,3.3
4.1,4.1
3.8,3.81
4.9,4.9
4.1,4.1
4.3,4.27
4.5,4.5
4.2,4.18
4.0,3.66
3.7,3.7
3.8,3.8
4.1,4.08
3.9,3.89
3.2,3.56
3.8,3.8
3.9,3.9
4.1,4.1
3.7,3.7
4.3,3.49
4.3,4.3
4.2,3.92
4.3,4.23
3.5,3.44
3.9,3.78
3.8,3.8
4.3,4.3
3.8,3.8
4.1,4.1
4.4,4.4
4.2,4.2
4.0,4.0
3.9,3.9
2.9,2.9
4.3,4.3
4.6,4.6
3.7,3.7
3.6,3.6
4.0,4.0
4.6,4.6
3.9,3.9
3.7,3.7
4.3,4.38
4.3,4.29
3.9,3.9
3.2,3.61
4.7,4.7
4.2,4.2
4.1,4.1
3.7,3.68
4.7,4.7
3.6,3.6
3.8,3.8
3.6,3.6
4.3,4.3
4.0,4.0
3.9,3.9
4.2,4.2
3.4,3.4
3.9,3.9
3.9,3.9
3.8,3.8
3.7,3.75
4.0,4.0
3.8,3.8
4.2,4.2
4.0,3.68
4.5,4.5
3.6,3.6
4.0,4.0
3.8,3.93
3.7,3.6
4.2,4.2
4.1,4.1
4.2,4.17
4.3,4.3
4.2,4.2
3.8,3.8
3.9,3.9
3.0,3.0
4.1,4.1
4.2,4.2
2.9,2.9
2.8,2.8
3.9,3.9
4.1,4.1
4.0,3.75
3.0,3.0
4.0,4.0
4.3,4.25
3.9,3.9
4.3,4.3
3.3,3.3
3.6,3.52
3.8,3.8
4.5,4.46
4.0,4.0
4.1,4.02
4.3,4.3
3.0,3.0
4.3,4.3
4.7,4.7
4.2,4.2
4.1,4.1
3.8,3.8
4.1,4.1
4.0,4.0
3.8,3.8
4.2,4.2
3.4,3.4
4.0,4.0
4.0,4.0
3.5,3.5
2.9,2.9
4.4,4.4
4.3,4.33
4.6,4.6
4.1,4.1
3.6,3.6
3.9,3.9
4.4,4.4
3.9,3.9
4.3,4.3
4.2,4.2
3.9,3.9
3.9,3.9
4.2,4.2
2.7,2.7
4.1,4.1
4.4,4.4
3.8,3.82
4.0,4.0
4.3,4.3
4.4,4.4
4.2,4.2
4.0,4.0
3.8,3.8
3.4,3.5
4.1,4.1
4.0,4.0
4.3,4.25
3.9,4.05
3.9,3.9
3.8,3.8
4.0,3.7
3.9,3.9
4.0,4.0
3.9,3.9
3.7,3.65
4.0,4.0
4.0,4.0
4.2,4.2
4.2,4.2
3.9,3.9
3.8,3.94
3.8,3.8
4.3,4.3
3.9,3.9
4.2,4.2
4.3,4.3
4.3,4.3
3.9,3.9
4.1,4.1
3.8,3.8
3.8,3.8
4.2,4.2
4.1,4.1
4.3,4.09
4.1,4.1
4.4,4.4
3.7,3.7
3.9,3.9
4.0,4.0
3.6,3.6
3.8,3.8
3.6,3.16
3.3,3.3
3.9,3.9
3.3,3.3
4.4,4.44
3.8,3.8
3.4,3.4
4.5,4.5
3.0,3.0
3.5,3.54
2.7,2.7
4.1,4.1
2.9,2.9
4.0,4.0
4.0,4.0
3.8,3.77
4.1,4.06
4.2,4.13
3.8,3.8
3.6,3.6
4.0,3.96
4.3,4.3
3.8,3.8
4.0,4.0
4.0,4.0
3.9,3.9
4.3,4.3
2.9,3.44
4.5,4.48
4.2,4.2
4.8,4.8
3.9,3.9
4.0,4.0
3.9,3.9
4.4,4.4
4.1,4.09
3.8,3.8
3.9,3.9
4.3,4.3
4.3,4.3
2.9,2.9
3.0,3.0
4.3,4.3
3.5,3.5
2.5,2.5
4.1,4.1
3.7,3.7
3.7,3.7
4.1,4.1
3.8,3.77
3.9,3.91
4.0,4.0
4.3,4.3
3.7,3.7
4.1,4.1
4.4,4.4
4.2,4.2
3.9,3.9
4.2,3.89
4.1,4.08
4.3,4.3
3.6,3.5
3.8,3.8
3.9,3.94
3.7,3.48
4.2,3.57
3.3,3.3
3.9,3.42
2.5,2.5
3.8,3.81
3.9,3.9
3.8,3.9
3.7,3.68
3.2,3.2
3.0,3.9
2.7,2.7
3.8,3.8
3.8,3.8
4.4,4.4
3.9,3.9
3.2,3.2
4.4,4.4
4.0,4.0
4.0,3.78
4.3,4.22
4.3,4.3
4.0,4.0
4.2,4.2
3.7,3.7
4.3,4.3
4.3,4.3
4.4,4.4
3.9,3.9
4.1,4.1
3.7,3.7
2.8,3.17
3.7,3.7
3.5,3.44
4.2,4.2
3.9,3.9
3.7,3.7
3.4,3.4
4.1,4.1
4.2,4.2
3.7,3.7
3.7,3.38
4.0,4.0
4.2,4.2
4.1,4.1
4.0,4.0
4.0,4.0
4.1,3.7
3.6,3.6
3.7,3.7
4.5,4.5
3.9,3.9
4.2,4.2
3.1,3.08
3.6,3.6
4.0,4.0
4.7,4.7
3.7,3.7
4.4,4.4
4.0,3.98
4.3,4.3
3.9,3.9
4.2,4.2
3.7,3.7
4.4,4.4
4.1,4.1
4.1,4.1
3.7,3.67
4.0,4.0
3.8,3.8
4.0,4.0
4.0,4.0
3.6,3.6
4.2,4.19
4.0,4.0
3.9,3.9
4.3,4.3
3.9,3.9
2.9,3.19
4.0,3.92
4.4,4.4
3.4,3.4
4.2,4.2
3.8,3.8
4.2,4.2
3.9,3.9
3.9,3.76
2.6,2.6
4.3,4.3
4.0,4.0
2.7,2.7
4.1,4.05
4.1,4.1
3.8,3.8
4.4,4.4
3.9,3.9
4.4,4.4
4.5,4.5
4.1,4.2
4.4,4.4
3.5,3.51
3.9,3.9
3.9,3.9
4.4,4.4
3.6,3.65
4.4,4.4
3.3,3.3
4.0,4.0
3.7,3.7
4.1,4.25
4.1,4.1
4.5,4.5
4.0,4.0
2.8,2.8
3.7,3.67
4.8,4.79
4.1,4.1
3.8,3.84
4.2,4.2
4.5,4.5
4.0,4.0
4.0,4.0
4.6,4.6
3.8,3.81
4.4,4.4
4.0,3.98
3.8,3.8
4.9,4.9
3.8,3.8
4.0,4.0
4.0,4.03
4.3,4.2
4.0,4.0
4.9,4.9
3.4,3.4
3.9,3.9
4.0,4.0
3.8,3.8
4.3,4.3
3.9,3.9
4.2,4.2
3.8,3.8
3.8,3.8
3.6,3.6
4.0,4.0
3.9,3.9
4.1,4.1
3.9,3.9
4.5,4.5
3.6,3.6
4.3,4.3
3.7,3.7
3.5,3.5
4.2,4.2
3.9,3.9
3.8,3.8
3.6,3.64
2.7,2.7
4.4,4.4
3.9,3.9
4.8,4.8
4.3,4.3
3.6,3.61
4.1,4.1
3.8,3.8
4.5,4.5
4.2,4.2
2.7,2.7
3.4,3.5
4.0,4.0
4.7,4.7
3.8,3.8
4.1,4.19
4.3,4.3
4.3,4.3
4.1,4.1
3.9,3.9
3.3,3.47
4.4,4.4
4.1,4.1
4.0,4.0
3.9,3.9
4.1,4.08
4.0,4.0
3.7,3.24
3.9,3.67
3.9,3.9
4.0,4.0
4.3,4.3
2.6,3.53
4.3,4.12
4.1,4.1
3.0,3.74
3.8,3.8
3.7,3.7
4.3,4.3
4.2,4.2
3.9,3.9
4.1,4.1
4.1,4.1
3.6,3.6
3.9,3.9
3.9,3.9
4.2,4.2
4.0,4.0
4.0,4.0
4.0,4.0
4.7,4.7
3.9,3.9
4.2,4.2
3.7,3.7
4.6,4.59
3.7,3.7
4.4,4.4
4.3,4.3
4.0,4.01
3.7,3.7
4.6,4.48
4.1,4.1
4.1,4.1
4.1,4.1
3.8,3.8
3.8,3.8
4.2,4.2
3.9,3.9
4.5,4.6
3.0,3.0
3.8,3.8
4.0,4.0
3.7,3.7
4.2,4.2
3.7,3.7
4.1,4.1
3.9,3.94
3.7,3.67
3.9,3.9
3.9,3.63
4.0,3.93
4.0,3.9
3.8,3.8
2.5,2.5
4.7,4.4
3.7,3.7
4.1,4.1
2.9,2.9
3.9,3.9
2.1,2.1
4.0,3.96
3.0,3.0
3.6,3.6
3.4,3.4
3.8,3.8
4.3,4.3
4.1,4.1
3.8,3.8
3.8,3.83
3.6,3.6
3.5,3.5
4.2,4.2
3.8,3.8
3.8,3.8
4.0,4.0
4.2,4.2
4.5,4.51
4.4,4.35
4.0,3.97
4.1,4.1
4.0,4.17
2.7,2.7
4.0,4.0
4.0,4.0
3.0,3.0
3.9,3.9
3.9,3.9
4.0,4.0
3.8,3.8
4.5,4.5
4.3,3.63
3.9,3.9
4.2,4.2
4.1,3.79
3.9,3.9
3.8,3.8
4.2,4.2
3.7,3.7
4.0,4.0
3.9,2.81
3.7,3.7
3.8,3.73
4.1,4.1
4.1,4.1
4.4,4.4
4.2,4.2
3.1,3.1
4.0,3.76
3.8,3.8
3.8,3.8
4.0,4.01
3.8,3.8
3.9,3.8
4.2,3.95
3.9,3.9
3.7,3.7
4.9,4.9
4.2,4.2
4.3,4.3
4.4,4.4
3.6,3.6
4.2,4.2
4.8,4.69
4.2,4.2
4.1,4.1
3.9,3.9
4.3,4.3
3.2,3.2
4.6,4.6
4.0,4.0
2.9,3.88
4.2,4.2
4.4,4.4
3.5,3.5
4.3,4.3
3.4,3.4
3.7,3.7
4.1,4.1
4.4,4.4
3.6,3.62
3.8,3.8
4.0,3.81
2.7,2.7
3.8,3.8
4.4,4.4
4.4,4.4
4.4,4.4
4.2,4.2
3.1,3.1
3.8,3.8
4.1,4.1
4.2,4.2
3.6,3.6
4.3,4.23
3.1,3.08
3.8,3.8
2.9,2.9
3.0,3.0
4.0,3.76
4.3,4.3
4.3,4.3
4.1,4.1
4.0,4.0
2.9,2.9
3.8,3.8
4.1,4.1
3.9,3.9
4.1,4.01
3.0,3.0
4.5,4.5
3.9,3.9
4.3,4.3
3.9,3.9
4.1,4.1
4.0,4.0
3.0,3.0
3.2,3.2
4.5,3.78
4.3,4.28
4.1,4.09
3.9,3.58
2.9,2.9
3.7,3.67
4.1,4.1
4.1,4.1
4.1,4.03
2.3,2.3
4.3,4.3
4.5,4.5
4.0,4.0
3.7,3.7
4.2,4.2
3.8,3.8
3.1,3.1
4.0,4.0
4.0,4.0
4.0,4.0
3.9,3.9
2.8,2.8
4.4,4.4
4.0,4.0
4.4,4.3
4.6,4.6
3.9,3.9
4.4,4.4
4.2,4.3
3.0,3.0
4.0,3.99
4.4,4.4
3.6,3.62
3.9,3.75
4.2,4.2
3.9,3.9
3.9,3.9
4.0,4.0
3.8,3.8
4.1,4.1
3.9,3.9
2.6,2.62
3.8,3.8
3.9,3.88
4.3,4.3
4.0,3.91
4.4,4.4
3.8,3.8
4.0,4.0
4.5,4.5
3.8,3.8
4.3,4.29
4.9,4.9
2.6,2.6
4.1,4.1
4.3,4.3
3.9,3.9
4.1,4.1
4.5,4.5
3.8,3.8
4.1,4.1
3.8,3.8
4.0,4.0
2.7,2.7
3.1,3.12
4.4,4.4
4.2,4.22
4.0,4.0
3.8,3.64
3.5,3.46
4.0,4.0
3.9,3.9
4.4,4.4
4.0,4.0
4.2,4.2
3.9,3.9
4.5,4.5
4.5,3.73
4.3,4.3
4.4,4.4
4.1,4.1
2.9,2.9
4.3,4.3
2.9,2.9
4.3,4.3
4.1,4.1
4.1,4.1
3.9,3.77
3.9,3.9
4.2,4.2
3.9,3.76
4.0,4.0
4.4,4.4
3.7,3.7
2.8,2.8
4.0,4.0
3.7,3.7
3.9,3.9
4.1,4.1
3.9,3.9
3.0,3.0
4.0,4.0
3.8,3.8
4.1,4.08
3.9,3.9
4.0,4.0
4.1,4.08
3.8,3.8
4.3,4.3
3.8,3.88
3.9,3.9
4.1,4.1
4.0,4.01
3.8,3.8
3.6,3.6
3.9,3.92
4.3,4.3
4.1,4.1
4.3,4.3
4.0,3.94
4.1,3.99
4.1,3.03
4.5,4.5
3.5,3.5
4.2,4.2
3.8,3.71
4.2,4.2
3.9,3.95
4.2,4.2
3.8,3.8
3.7,3.7
3.9,3.93
2.7,2.7
4.0,4.0
4.2,4.2
3.7,3.7
4.2,4.2
4.2,4.2
4.0,4.0
2.4,3.66
3.9,3.91
3.7,3.7
4.1,4.1
4.3,4.32
3.8,3.72
4.5,4.5
4.4,3.99
3.9,3.9
4.4,4.4
4.0,3.98
3.8,3.8
3.9,3.9
3.4,3.4
4.0,4.0
3.0,3.0
4.4,4.4
4.1,4.1
2.1,2.1
3.8,3.8
2.8,2.74
3.9,3.9
4.4,4.39
4.5,4.47
4.3,4.32
4.2,4.17
4.4,4.4
3.3,3.3
4.0,4.0
4.3,4.25
3.8,3.8
3.9,3.9
3.7,3.7
4.5,4.5
3.8,3.8
4.0,4.02
3.7,3.7
4.0,4.0
4.2,4.2
4.2,3.89
4.1,4.1
4.3,4.3
3.3,3.3
3.7,3.74
4.2,4.2
3.7,3.7
4.4,4.4
3.4,3.4
4.2,4.2
3.9,3.9
4.6,4.6
4.0,4.0
4.0,4.0
4.2,4.2
4.5,4.5
4.0,4.0
4.0,3.98
4.2,4.2
3.7,3.7
3.6,3.6
4.1,4.17
3.6,3.52
3.8,3.8
4.1,4.1
3.8,3.8
4.0,4.1
2.8,2.81
4.0,3.99
4.3,4.3
3.6,3.61
4.2,4.2
3.9,3.89
4.1,4.1
3.6,3.88
4.0,4.0
4.2,4.16
4.0,3.98
4.5,4.5
3.7,3.7
3.7,3.7
3.4,3.4
4.1,4.1
4.4,4.4
4.6,4.6
3.8,3.8
3.8,3.8
4.2,4.2
3.8,3.8
4.0,4.0
2.9,3.36
3.7,3.7
4.1,4.1
4.0,4.0
4.4,4.4
3.5,3.5
4.3,4.3
3.8,3.8
4.1,4.1
4.0,4.0
4.0,4.0
3.9,3.9
4.2,4.2
4.1,4.1
4.0,4.0
3.0,3.0
3.8,3.8
4.0,4.0
4.5,4.5
3.8,3.8
3.9,3.9
4.3,3.15
2.6,3.56
4.3,4.3
3.2,3.2
4.3,4.3
3.4,3.62
4.5,4.5
3.7,3.7
4.3,4.2
3.6,3.6
3.9,3.9
4.2,4.2
4.0,3.84
3.7,3.7
3.7,3.9
4.0,4.0
4.3,4.29
3.9,3.9
4.0,4.0
4.0,4.0
3.6,3.6
3.4,3.39
4.0,4.0
4.3,4.3
3.9,3.9
3.9,3.9
4.0,3.68
4.1,4.1
4.1,4.1
4.3,4.26
4.3,4.17
3.8,3.71
3.9,3.9
4.1,4.1
3.9,3.9
4.1,4.1
4.3,4.3
3.3,3.62
4.4,4.4
4.5,4.5
4.2,4.12
4.1,4.1
4.5,4.5
2.1,2.15
3.9,3.88
3.8,3.8
4.2,4.2
4.2,4.2
3.0,3.0
4.2,4.2
3.9,3.37
4.0,4.0
2.8,3.57
4.1,4.1
3.9,3.9
3.8,3.8
4.1,4.11
2.1,2.1
3.4,3.4
3.6,3.6
4.5,4.5
4.0,4.0
3.5,3.5
4.2,4.12
4.2,4.2
3.5,3.5
3.8,3.84
4.6,4.6
3.8,3.8
3.4,3.8
3.8,3.8
3.9,3.9
4.5,4.5
3.9,3.9
4.0,4.0
4.1,3.85
3.8,3.8
4.2,4.2
4.5,4.37
4.1,4.1
4.6,4.6
3.9,3.9
3.6,3.6
3.4,3.4
4.1,4.1
4.3,4.3
4.0,4.0
3.9,3.9
3.6,3.6
3.8,3.8
4.8,4.8
3.3,3.3
4.1,4.1
4.3,4.3
4.0,4.0
4.0,4.0
3.7,3.83
4.5,4.5
3.8,3.8
4.0,4.0
4.5,4.47
4.0,4.0
3.9,3.9
3.0,3.0
4.5,4.5
4.4,4.4
4.2,4.2
4.0,4.0
4.1,4.1
4.4,4.4
4.1,4.1
4.4,4.4
3.5,3.66
4.1,3.91
4.8,4.8
3.8,3.56
3.0,3.0
4.0,4.1
3.8,3.8
4.4,4.4
3.5,3.5
3.9,3.9
4.3,4.3
3.9,3.9
3.7,3.7
3.1,3.1
4.0,4.0
4.3,4.3
4.0,4.0
3.7,3.7
3.9,3.9
3.5,3.5
3.2,3.2
4.1,4.1
4.0,3.37
4.0,4.0
3.1,3.1
4.0,4.0
2.8,2.8
3.9,3.85
4.2,4.2
3.9,3.9
3.8,3.8
4.4,4.4
3.6,3.6
4.1,4.1
4.4,4.4
3.9,3.9
4.0,4.0
3.7,3.84
3.9,3.84
3.9,3.9
4.1,4.1
3.9,3.9
3.4,3.4
4.1,4.1
3.8,3.53
4.0,4.0
3.8,3.8
4.1,4.1
3.5,3.5
4.0,4.0
3.9,3.9
3.3,3.3
4.0,4.0
4.1,4.1
3.9,3.9
4.3,4.3
4.3,4.3
3.1,3.15
3.9,3.9
4.4,4.3
3.1,3.1
4.5,4.47
4.3,4.3
3.6,3.6
3.2,3.2
3.2,3.33
4.0,4.0
4.2,4.22
4.1,3.91
3.2,3.21
4.1,4.1
3.9,3.91
3.4,3.4
2.9,2.9
4.0,4.0
3.9,3.9
3.9,3.95
4.1,4.1
3.9,3.9
4.5,4.5
3.7,3.7
3.7,3.7
3.8,3.79
4.0,4.0
3.7,3.7
3.0,3.0
4.3,4.3
4.4,4.4
3.8,3.8
4.0,4.0
4.5,4.5
4.0,4.0
4.3,4.3
4.1,4.1
4.1,4.1
4.6,4.6
3.8,3.8
3.2,3.2
4.0,4.0
3.7,3.7
4.7,4.7
4.3,4.3
3.9,3.9
3.2,3.2
3.8,3.8
3.1,3.1
3.9,3.9
4.1,4.1
4.1,4.1
4.0,4.06
4.2,4.2
3.7,3.7
4.2,4.2
4.0,4.0
3.8,3.8
2.9,2.9
2.7,2.7
4.1,4.1
4.0,4.0
4.3,3.63
4.1,4.1
3.7,3.7
3.9,3.9
4.0,4.0
4.0,4.0
4.2,4.2
3.8,3.8
4.3,4.3
4.4,4.45
3.9,3.9
3.6,3.7
4.4,4.4
4.3,4.3
3.9,3.9
2.0,2.0
4.4,4.4
4.3,4.21
4.0,4.0
4.3,4.3
4.2,4.2
3.9,3.9
3.9,3.9
4.5,4.44
3.8,3.8
3.9,3.9
4.2,4.2
4.5,4.5
4.5,4.5
4.3,4.3
3.8,3.8
4.0,4.0
4.0,4.0
3.8,3.81
4.2,4.2
4.0,4.0
3.8,3.8
4.1,4.1
3.6,3.6
3.9,3.5
4.4,4.33
3.9,3.97
4.0,4.0
2.8,2.8
4.1,4.1
4.0,4.0
3.6,3.6
3.9,3.89
3.8,3.8
4.4,4.4
4.2,4.2
3.9,3.9
4.1,4.1
3.9,3.9
4.1,4.1
4.4,4.4
4.2,4.2
4.2,4.2
3.9,3.9
4.2,4.2
3.4,3.41
4.1,4.1
3.5,3.5
4.2,4.2
4.5,4.5
3.8,3.82
4.9,4.9
4.3,4.31
4.0,4.0
4.0,4.0
3.6,3.6
3.8,3.8
4.1,4.1
4.3,4.3
3.7,3.7
3.5,3.5
4.1,3.98
4.0,4.01
3.7,3.7
3.9,3.9
3.7,3.7
3.9,3.66
4.3,4.21
3.7,3.7
3.7,3.99
3.4,3.4
4.3,4.3
4.2,4.2
4.1,4.1
4.2,4.2
4.1,4.1
4.0,4.01
3.9,3.91
3.5,3.5
4.2,4.2
4.3,4.26
4.2,4.2
3.9,3.9
3.9,3.22
4.5,4.5
3.5,3.5
4.3,4.3
3.9,3.9
3.9,3.9
3.7,3.79
4.2,4.2
4.1,4.1
4.7,4.7
3.9,3.9
3.4,3.4
4.0,3.92
3.0,3.0
4.2,4.2
4.5,4.5
4.1,4.1
4.2,4.2
4.3,4.23
4.4,4.4
3.0,3.0
3.9,3.9
4.2,4.2
4.1,4.1
4.1,4.1
3.8,3.8
2.7,2.7
4.2,4.2
4.3,4.3
4.8,4.8
2.8,2.8
4.0,3.9
2.9,3.2
4.3,4.29
4.2,4.2
3.9,3.9
4.7,4.7
2.8,2.8
4.4,4.4
4.1,4.1
4.0,4.0
2.8,2.8
4.0,4.01
4.1,4.1
3.5,3.51
4.1,4.1
3.5,3.5
2.9,2.9
4.1,4.1
4.1,4.1
2.9,2.9
3.9,3.9
4.3,4.3
4.2,4.2
3.2,3.2
3.5,3.66
3.9,3.9
4.0,4.0
3.7,3.6
4.4,4.4
3.5,3.81
4.0,4.0
3.9,3.9
4.0,4.01
4.0,4.0
3.9,3.9
3.8,3.8
4.0,3.46
3.1,3.75
4.0,4.0
3.6,3.6
2.6,3.55
3.6,3.6
4.2,4.2
4.2,4.2
4.1,4.1
3.1,3.1
4.4,4.35
3.9,3.83
3.8,3.8
4.1,4.1
4.1,4.1
3.9,3.9
4.2,4.1
4.1,4.07
3.8,3.83
4.8,4.8
4.0,3.92
3.7,3.7
3.9,3.9
2.6,2.6
3.7,3.7
3.7,3.7
3.2,3.2
3.3,3.3
4.1,3.9
3.6,3.6
4.1,4.1
4.2,4.2
4.0,4.01
3.8,3.8
3.4,3.4
3.8,3.8
3.8,3.8
3.9,3.92
4.5,4.5
4.0,4.0
3.7,3.7
4.0,4.0
4.1,4.1
4.3,4.3
4.2,3.98
3.9,3.9
3.9,3.9
4.2,4.2
4.1,4.1
3.7,3.7
2.9,2.9
3.3,3.54
3.6,3.56
4.1,4.1
3.6,3.52
3.9,3.9
4.2,4.2
4.2,4.2
3.8,3.8
2.9,3.24
2.9,2.9
4.3,4.3
3.9,3.9
4.0,4.03
3.9,3.76
4.4,4.09
4.3,4.3
3.7,3.7
4.1,4.1
4.3,4.3
4.3,4.3
3.7,3.7
4.1,4.06
4.0,4.0
4.0,4.0
4.9,4.9
4.3,4.3
4.0,4.17
3.7,3.7
4.1,4.1
4.3,4.3
4.3,4.3
4.1,4.1
2.8,2.8
3.8,3.8
3.7,3.7
4.6,4.6
3.4,3.4
4.1,4.1
3.6,3.6
3.6,3.57
4.1,4.1
3.0,3.0
4.1,4.1
3.1,3.52
3.9,3.9
3.8,3.79
3.9,3.9
4.2,4.2
3.8,3.8
4.3,4.3
3.8,3.8
3.9,3.9
4.0,4.0
3.8,3.8
3.9,3.9
3.7,3.7
3.8,3.8
4.0,4.1
4.3,4.31
4.0,4.0
4.0,3.88
3.9,3.9
2.8,3.52
4.4,4.4
4.5,4.5
4.3,4.28
4.1,4.1
3.4,3.4
4.4,4.4
3.9,3.9
3.8,3.8
3.7,3.7
3.7,3.7
4.4,4.4
4.0,4.0
3.9,3.9
4.4,4.4
4.1,4.1
3.2,3.24
4.4,4.21
2.5,2.5
3.5,3.55
4.4,4.4
4.1,4.1
4.3,4.3
3.5,3.5
2.8,2.8
3.6,3.6
4.0,4.0
3.8,3.8
4.1,4.1
4.7,4.62
3.9,3.9
4.1,4.1
3.7,3.7
3.8,3.8
4.2,4.2
3.2,3.2
3.4,3.2
3.5,3.5
3.8,3.8
4.3,4.3
3.9,3.94
4.0,4.0
4.1,4.1
3.8,3.88
4.1,4.1
4.2,4.18
4.2,4.2
2.5,2.5
4.4,4.4
4.0,4.0
3.9,3.9
4.1,4.12
3.9,3.9
3.7,3.7
4.3,4.3
4.3,4.3
3.3,3.3
4.2,4.2
3.7,3.7
3.1,3.12
3.6,3.6
3.8,3.8
4.4,4.4
3.9,3.93
3.1,3.1
3.6,3.6
4.2,4.23
3.9,3.93
4.0,4.0
4.2,4.2
3.9,3.9
4.4,4.4
3.9,3.9
3.1,3.1
4.0,3.79
4.3,4.4
4.1,4.1
3.9,3.9
3.5,3.5
4.2,4.2
3.8,3.8
3.7,3.7
2.8,2.8
3.9,3.9
3.8,3.8
3.8,3.69
3.1,3.3
4.0,4.0
3.5,3.5
4.0,4.0
4.2,4.2
4.2,4.2
4.2,4.2
4.0,4.0
4.3,4.3
3.8,3.8
4.0,4.0
4.4,4.39
4.0,4.0
4.3,4.3
4.0,3.66
4.2,4.2
3.9,3.9
3.8,3.9
4.1,4.1
2.6,2.6
4.3,4.3
3.0,3.0
4.1,4.08
3.9,4.12
4.0,4.0
4.1,4.1
4.1,4.14
3.9,3.9
4.6,4.6
4.2,4.2
4.2,4.2
3.8,3.8
4.2,4.2
4.1,4.1
3.7,3.7
3.9,4.1
3.8,3.8
3.8,3.77
2.3,2.3
3.8,3.8
4.1,4.1
3.4,3.5
4.1,4.1
4.0,3.92
3.8,3.8
3.7,3.7
4.2,4.19
4.4,4.4
4.1,4.1
4.2,4.2
4.0,4.01
4.0,4.0
4.4,4.38
4.1,4.1
2.5,2.5
4.4,4.4
4.5,4.11
3.8,3.8
3.9,3.9
3.8,3.8
4.6,4.6
4.2,4.15
4.0,3.83
4.1,4.1
3.9,3.9
3.8,3.8
2.2,2.2
3.5,3.5
3.1,3.1
4.0,4.0
4.0,3.96
4.0,4.0
4.2,4.2
4.0,4.0
3.6,3.61
3.8,3.8
4.2,4.15
3.7,3.7
4.5,4.5
4.3,4.3
4.2,4.2
3.8,3.78
4.2,4.2
4.1,4.1
4.0,4.0
3.9,3.9
3.8,3.81
4.3,4.3
3.8,3.8
4.2,4.2
4.2,4.18
3.0,3.47
3.9,3.9
4.0,4.0
4.6,4.6
4.3,4.28
3.9,3.9
2.6,2.6
4.0,4.01
4.2,4.2
2.8,2.8
4.3,4.3
4.1,4.1
3.9,3.9
4.1,4.09
3.6,3.6
4.0,3.95
4.1,4.1
3.8,3.8
4.0,4.0
3.9,3.85
4.7,4.7
4.0,4.0
4.0,4.0
4.2,4.2
4.1,4.0
3.9,3.9
3.6,3.6
3.8,3.8
3.6,3.6
4.2,4.2
4.0,3.95
3.9,3.52
3.9,3.9
4.3,4.3
3.9,3.9
3.9,3.84
4.2,4.2
3.9,3.9
4.3,4.3
3.5,3.53
3.7,3.7
4.1,4.1
4.0,4.0
4.2,4.15
2.8,2.8
3.7,3.83
4.1,4.1
3.8,3.8
4.0,4.0
3.6,3.6
4.2,4.2
4.0,4.0
4.2,4.2
4.0,4.09
4.4,4.4
4.0,4.1
3.7,3.7
4.1,4.1
3.9,3.9
4.5,4.5
3.9,3.9
4.2,3.73
3.9,3.85
2.9,2.9
4.2,4.2
4.0,3.76
2.9,2.9
3.9,3.9
4.1,4.1
4.4,4.4
4.4,4.4
3.9,3.95
4.3,4.3
4.3,4.3
3.9,3.91
3.9,3.9
4.0,4.0
3.9,3.9
3.8,3.8
3.9,3.9
4.3,3.91
3.9,3.9
4.3,4.3
4.2,4.2
4.0,3.89
3.7,3.7
4.1,3.95
3.9,3.9
4.2,4.2
3.9,3.9
3.9,3.9
3.6,3.6
4.1,4.09
3.8,3.8
3.9,3.83
4.2,4.2
4.0,4.0
4.0,4.0
4.1,4.1
3.8,3.82
3.8,3.7
2.8,2.8
4.6,4.6
3.6,3.6
4.1,4.1
4.3,4.28
4.2,4.2
3.5,3.5
3.9,3.9
4.1,4.09
3.7,3.28
4.0,4.06
4.0,4.12
3.8,3.8
3.8,3.79
4.0,4.0
3.9,3.9
4.0,4.01
4.2,4.2
3.8,3.7
4.0,4.0
3.8,3.8
3.6,3.66
3.8,3.7
4.4,4.4
4.0,4.0
4.2,4.2
3.4,3.4
4.0,4.0
4.1,4.1
4.0,3.99
4.4,4.4
4.2,4.21
3.9,3.9
4.3,4.3
4.2,4.2
4.0,3.92
4.0,4.0
3.9,3.9
3.6,3.6
4.0,4.0
3.5,3.5
4.3,4.31
4.0,4.02
4.2,3.62
3.2,3.31
3.2,3.2
3.9,3.9
3.5,3.5
4.3,4.3
3.9,3.9
4.3,4.3
3.2,3.1
4.1,4.1
4.3,4.08
4.2,4.2
4.0,4.01
4.1,3.9
3.2,3.2
4.3,3.27
3.7,3.25
4.0,3.98
3.3,3.3
4.6,4.6
4.3,4.29
2.8,2.8
3.9,3.9
3.8,3.8
3.8,3.8
3.8,3.8
3.9,3.9
3.7,3.7
3.1,3.1
2.8,2.8
3.8,3.8
4.3,4.3
3.8,3.8
4.0,4.0
4.6,4.16
3.7,3.7
4.2,4.16
3.8,3.8
3.0,3.0
4.2,4.12
3.7,3.7
4.3,4.05
4.0,3.45
3.8,3.8
4.3,4.3
3.9,3.9
4.2,4.2
4.5,4.5
4.0,4.0
2.8,2.8
4.2,4.2
3.6,3.6
3.3,3.3
3.8,3.82
3.8,3.8
4.1,4.1
3.9,3.9
4.0,4.0
4.1,4.2
4.5,4.47
4.1,3.94
4.3,4.3
3.8,3.42
3.9,3.9
3.4,3.4
2.9,2.9
2.5,2.5
3.5,3.5
3.9,3.9
3.4,3.4
3.9,3.9
4.0,4.0
4.1,4.1
3.9,4.2
3.8,3.8
3.9,3.75
4.1,4.1
3.9,3.9
2.4,2.4
4.3,4.3
4.2,4.2
3.8,3.8
2.5,2.5
4.1,4.1
4.3,4.3
3.9,3.9
4.2,4.2
3.6,3.6
3.7,3.7
4.1,4.02
4.0,3.98
3.7,3.81
3.7,3.7
3.9,3.9
3.9,3.9
3.7,3.7
3.7,3.7
3.8,3.8
4.0,4.0
3.7,3.7
3.2,3.2
4.0,4.0
3.8,3.8
4.5,4.49
3.7,3.7
3.3,3.3
4.0,4.0
3.8,3.8
3.8,3.8
3.9,3.93
4.0,3.91
3.8,3.8
3.8,3.8
4.1,4.1
3.9,3.8
4.1,4.1
2.7,2.88
3.9,3.9
3.5,3.5
4.4,4.4
4.2,4.19
3.3,3.3
3.9,3.9
4.0,4.0
4.2,4.2
4.0,4.02
2.9,3.09
4.1,4.1
3.8,3.8
3.8,3.8
3.9,3.9
4.1,3.97
3.9,3.9
4.5,4.54
3.2,3.2
3.7,3.7
4.1,4.1
4.0,4.0
2.8,3.17
2.9,3.35
3.9,3.9
3.9,3.94
3.9,3.9
4.1,4.1
2.5,2.5
3.6,3.6
3.1,3.12
4.2,4.2
4.2,4.2
4.0,4.0
4.0,4.0
4.1,4.1
4.1,4.1
3.4,3.4
4.3,4.34
4.0,4.0
3.9,3.9
4.1,4.1
3.6,3.6
4.5,4.5
4.4,4.4
4.2,3.94
4.2,4.2
4.5,4.5
3.8,3.79
3.0,3.17
2.9,2.9
4.5,4.5
4.5,4.5
4.2,4.2
3.4,3.4
4.3,4.3
4.1,4.1
4.2,4.2
4.2,4.2
4.4,4.4
3.5,3.5
4.2,4.05
3.9,3.9
4.3,4.3
3.8,3.8
3.5,3.5
3.9,3.89
3.1,3.1
4.2,4.2
3.7,3.7
3.9,4.07
4.0,4.0
3.8,3.53
4.3,4.3
4.3,4.2
4.0,4.0
4.1,4.1
4.2,4.2
4.2,4.2
4.1,4.1
4.5,4.4
4.5,3.9
2.8,2.8
3.9,3.9
4.0,4.0
3.8,3.8
4.1,4.07
4.3,4.3
4.3,4.3
4.1,4.1
4.0,4.0
3.8,3.8
3.1,3.03
3.8,3.8
4.3,4.3
3.7,3.7
3.6,3.28
4.3,4.3
3.9,3.9
4.4,4.37
4.2,4.2
3.6,3.61
4.1,4.1
4.0,4.0
4.1,4.1
3.1,3.1
4.3,4.13
4.4,4.4
3.9,3.9
2.6,2.6
4.5,4.5
3.9,3.9
3.9,3.9
4.3,4.3
4.3,4.3
2.9,2.9
4.1,4.1
3.5,3.5
4.6,4.6
3.9,3.89
4.3,4.3
3.8,3.8
4.0,3.97
3.8,3.8
4.0,4.0
3.6,3.6
3.9,3.71
3.8,3.8
4.1,4.1
4.1,4.1
3.7,3.7
3.8,3.81
2.5,2.64
3.7,3.7
4.0,4.0
4.1,4.1
4.0,4.0
3.8,3.8
4.0,4.0
3.7,3.7
3.8,3.9
3.1,3.1
3.9,3.73
4.3,4.27
3.9,4.03
3.8,3.8
4.0,4.0
4.1,4.1
3.7,3.7
4.0,3.98
4.0,4.0
3.5,3.5
3.8,3.8
3.6,3.6
4.2,4.2
3.7,3.7
4.4,4.4
2.4,2.4
4.3,4.3
3.7,3.7
4.5,4.55
4.0,4.0
4.2,4.2
3.7,3.7
4.0,4.0
3.9,3.9
3.9,3.9
3.9,3.9
4.5,4.39
3.7,3.7
4.0,4.02
4.1,3.8
3.6,3.6
4.1,4.1
3.0,3.0
4.1,4.1
4.1,4.19
3.8,3.8
3.8,3.8
4.0,4.0
4.0,4.0
3.8,3.8
4.1,4.1
4.1,4.1
3.8,3.8
4.6,4.6
4.7,4.7
4.4,4.4
3.8,3.8
4.0,4.0
3.9,3.9
4.4,4.4
3.6,3.6
4.1,4.1
3.8,3.9
4.5,4.5
3.8,3.8
4.3,4.3
3.8,3.8
3.6,3.6
3.1,3.1
3.9,3.9
3.1,3.52
4.0,4.0
4.0,4.0
3.7,3.7
3.7,3.7
4.3,4.04
4.0,4.0
3.5,3.65
4.2,4.2
4.1,3.88
3.9,3.9
4.0,3.79
4.2,4.19
3.9,3.9
4.0,4.0
4.1,4.1
3.8,3.8
3.6,3.8
3.2,3.41
4.1,4.16
4.1,4.1
3.9,3.9
3.6,3.62
3.9,3.9
4.0,4.0
4.7,4.7
4.4,4.39
4.3,4.3
3.8,3.8
3.9,3.9
4.1,4.1
4.0,4.0
3.5,3.61
3.0,3.0
4.1,3.97
3.8,3.8
3.9,4.0
3.2,3.2
3.8,3.25
4.0,4.0
4.0,4.0
4.2,4.14
4.6,4.6
4.3,4.3
3.7,3.7
4.4,4.4
3.8,3.8
3.9,3.95
4.5,4.5
4.1,4.1
3.9,3.9
3.7,3.7
3.9,3.9
4.0,4.0
3.9,3.9
3.9,3.9
4.6,4.6
4.5,4.5
4.1,4.1
2.8,3.7
4.2,4.2
3.7,3.7
3.8,3.8
4.3,4.3
4.3,4.3
3.7,3.7
4.0,4.0
3.9,3.9
3.5,3.5
4.3,4.3
4.1,4.1
3.9,3.9
3.9,3.9
3.9,3.9
4.2,4.21
4.1,4.1
3.9,3.9
3.8,3.8
3.8,3.77
4.2,4.2
3.7,3.7
4.3,3.91
4.1,4.1
3.9,3.9
3.8,3.8
3.9,3.9
4.5,4.5
4.0,3.92
3.7,3.7
3.6,3.6
4.3,4.3
4.1,4.1
4.1,4.1
3.9,3.9
4.4,4.4
4.1,4.1
4.0,4.0
3.7,3.71
3.8,3.81
3.8,3.8
4.1,4.1
4.3,4.3
4.2,4.2
4.0,4.0
2.8,2.8
3.9,3.9
4.4,4.4
3.0,3.0
4.1,4.09
4.2,4.2
3.8,3.8
3.9,3.9
4.1,4.1
4.3,4.3
4.1,4.1
4.3,4.3
4.0,4.0
4.1,4.1
3.1,3.14
4.3,4.3
3.7,3.7
4.0,4.0
3.2,3.2
4.4,4.43
4.0,3.55
3.5,3.5
4.0,4.01
4.2,4.2
4.0,3.98
3.8,3.8
3.3,3.3
3.9,3.9
3.9,3.9
4.1,4.1
4.3,4.3
3.8,3.8
4.1,4.1
4.1,3.73
4.2,4.2
3.7,3.7
3.6,3.6
4.5,4.5
3.8,3.8
4.3,4.3
3.8,3.78
3.5,3.51
2.6,2.55
2.9,2.9
4.3,4.3
4.4,4.4
4.6,4.26
3.8,3.8
4.3,4.3
4.3,4.25
4.0,4.0
2.4,2.4
3.9,3.9
4.4,4.39
3.7,3.7
4.1,4.13
4.0,3.45
4.0,4.0
4.1,4.1
4.1,4.03
4.2,4.2
3.5,3.51
3.8,3.3
4.4,4.4
3.4,3.4
3.9,3.9
4.5,4.5
3.0,3.0
3.9,3.9
4.2,4.2
3.9,3.9
4.0,4.0
4.0,4.0
4.1,4.1
2.8,2.8
3.6,3.6
3.0,3.0
4.3,4.3
3.6,3.6
3.0,3.0
3.8,3.64
4.0,4.0
3.9,3.9
4.0,4.0
4.0,4.0
2.5,2.6
4.1,4.2
3.8,3.8
4.4,4.4
2.8,3.22
4.7,4.7
4.0,3.62
3.9,3.9
4.4,4.4
4.1,4.1
3.3,2.98
3.7,3.7
4.4,4.4
4.5,4.5
3.9,3.9
3.7,3.73
4.5,4.5
3.7,3.7
4.1,4.1
3.9,3.9
3.2,3.2
3.5,3.3
3.6,3.6
4.3,4.3
2.8,2.8
4.2,4.2
4.1,4.1
4.2,4.2
4.0,4.09
3.9,3.9
3.8,3.8
4.2,4.2
4.0,4.24
4.1,4.1
3.8,3.8
4.4,4.35
4.2,4.2
4.2,4.2
2.9,2.9
3.8,3.8
4.1,4.1
4.2,4.29
4.6,4.26
3.9,3.9
3.9,3.89
4.2,4.2
4.4,4.4
3.8,3.8
4.2,4.2
3.7,3.72
3.4,3.4
3.9,3.9
4.2,4.2
3.7,3.67
4.0,4.0
3.7,3.7
3.6,3.6
3.6,3.8
3.8,3.8
4.0,4.0
3.6,3.6
4.1,4.1
3.3,3.42
3.7,3.7
4.2,4.2
4.0,4.0
4.3,4.3
3.8,3.8
4.4,4.4
4.2,4.2
3.7,3.7
4.1,4.1
3.7,3.7
3.1,3.1
4.0,4.0
4.3,3.77
4.4,4.4
4.1,4.1
3.9,3.9
3.5,3.77
3.8,3.8
3.7,3.91
3.7,3.76
4.2,4.2
3.5,3.5
3.8,3.74
4.1,4.1
4.4,4.4
3.9,3.9
3.8,3.77
3.8,3.8
4.3,4.3
3.7,3.7
4.2,4.2
4.6,4.6
4.0,4.0
4.0,4.0
4.1,4.1
3.7,3.59
3.3,3.3
3.9,4.0
2.2,2.23
4.2,4.19
4.2,4.2
4.3,4.3
3.7,3.7
4.2,4.2
3.3,3.3
4.0,4.0
4.0,4.0
4.0,4.0
3.6,3.6
4.3,4.3
4.1,4.09
3.9,3.9
3.5,3.5
3.6,3.67
4.0,4.0
3.9,3.9
3.4,3.4
3.8,3.8
4.0,4.02
2.8,2.8
3.4,3.4
4.2,4.2
4.1,4.1
4.0,3.97
4.3,4.3
3.9,3.9
4.0,4.0
4.3,4.3
4.1,4.1
4.4,4.4
3.9,3.5
3.9,3.89
4.0,4.0
3.2,3.2
3.6,3.6
4.2,4.2
4.2,4.17
3.9,3.93
3.8,3.76
4.1,3.47
3.8,3.8
4.1,4.25
4.0,4.0
3.7,3.7
4.2,4.2
4.1,4.1
3.6,3.6
3.9,3.9
3.8,4.09
4.9,4.89
4.1,4.1
4.1,4.1
3.7,3.7
3.6,3.6
4.0,3.8
2.4,3.58
4.3,4.09
4.3,4.3
4.9,3.86
3.6,3.64
3.8,3.8
3.8,3.8
4.0,4.0
3.0,3.0
3.0,3.0
3.7,3.7
4.0,4.0
4.4,4.4
4.1,4.1
3.7,3.7
4.0,4.0
3.8,3.8
4.4,4.4
3.1,3.1
2.1,2.1
3.9,3.9
3.4,3.4
3.7,3.7
4.0,4.0
3.7,3.63
3.7,3.7
4.3,4.3
3.9,3.9
3.0,3.0
3.9,3.9
3.9,3.9
3.7,3.7
4.0,4.0
2.7,2.7
4.5,4.5
3.8,3.82
4.1,4.07
4.2,4.2
3.9,3.9
3.8,3.79
3.9,3.9
3.8,3.8
3.8,3.8
3.8,3.88
4.0,4.0
4.3,4.3
4.2,4.2
3.7,3.7
2.7,2.7
4.0,4.0
4.0,4.0
3.9,3.93
4.1,4.1
4.4,4.4
4.1,4.1
4.1,4.1
4.5,4.5
4.3,4.34
4.2,4.2
4.1,4.1
4.3,4.3
3.6,3.6
3.8,3.8
3.6,3.6
4.0,4.0
3.9,3.89
3.8,3.8
4.0,4.0
4.0,3.98
4.3,4.3
2.8,2.8
3.9,3.9
3.8,3.8
3.6,3.6
4.3,4.3
3.3,3.3
3.9,3.9
3.6,3.67
4.6,4.6
4.0,4.0
4.4,4.4
3.8,3.8
4.1,4.1
4.1,4.1
3.8,3.8
4.1,4.02
2.6,2.6
3.8,3.8
3.8,3.76
4.2,3.9
4.4,4.4
4.0,4.0
3.9,3.9
4.1,4.1
4.1,4.1
4.1,4.1
3.4,3.4
2.6,2.6
4.1,4.1
3.4,3.4
3.7,3.7
4.1,4.1
3.7,3.7
4.2,4.2
4.4,4.4
4.4,4.4
3.7,3.7
3.2,3.2
3.8,3.8
4.4,4.4
3.9,3.9
3.9,3.9
3.8,3.8
3.1,3.95
4.7,4.7
3.8,3.82
3.5,3.54
4.2,4.21
4.3,4.3
3.9,3.9
3.9,3.9
3.9,3.9
3.8,3.8
4.4,4.4
3.6,3.6
4.2,4.2
3.4,3.4
4.4,4.4
4.1,4.1
4.1,4.1
3.7,3.7
4.6,3.97
4.3,4.3
4.6,4.6
4.2,4.2
4.4,4.4
3.7,3.7
3.8,3.8
3.7,3.62
3.7,3.7
4.5,4.5
4.2,4.2
3.9,3.9
3.9,3.9
4.4,4.4
4.2,4.2
4.1,3.7
4.4,4.5
4.1,3.96
3.7,3.7
3.9,3.9
4.0,3.99
3.9,3.9
3.7,3.77
4.3,4.3
2.7,3.74
4.3,4.3
3.7,3.7
3.8,3.8
4.2,4.2
3.9,3.7
3.1,3.1
4.2,4.2
3.9,3.9
3.9,3.9
3.9,3.98
4.0,4.0
3.8,3.8
4.1,4.1
3.8,3.8
3.9,3.9
4.6,4.6
3.7,3.71
3.7,3.7
3.8,3.8
3.8,3.8
3.8,3.8
1.8,1.8
4.2,4.2
4.0,4.0
4.2,4.2
3.0,3.0
4.7,4.7
4.3,4.3
4.0,4.0
4.3,4.3
4.0,4.08
4.3,4.3
3.7,3.7
3.9,3.9
4.0,3.9
3.6,3.6
3.9,3.88
3.7,3.7
3.5,3.5
4.4,4.4
3.7,3.74
4.3,4.27
4.3,4.3
4.1,4.1
4.1,4.1
3.8,3.89
3.8,3.8
3.2,3.54
2.7,3.28
4.5,4.5
3.9,3.89
4.0,4.0
3.5,3.5
4.1,4.1
2.9,2.9
4.2,4.19
3.8,3.73
3.7,4.3
2.6,2.62
3.9,3.9
3.7,3.7
4.1,4.1
3.8,3.58
3.9,3.9
4.0,4.0
4.0,4.0
4.0,4.0
3.8,3.8
3.8,3.8
3.9,3.85
3.8,3.79
3.9,3.9
3.5,3.5
4.4,4.4
3.1,3.1
4.5,4.5
3.9,3.9
3.8,3.8
3.8,3.8
4.3,4.22
3.7,3.7
4.5,4.5
3.4,3.4
4.0,4.0
4.3,4.3
3.5,3.51
4.0,3.98
3.5,3.5
4.0,4.0
3.1,3.67
3.9,3.9
3.7,3.7
4.0,4.0
4.0,4.0
4.0,4.0
3.9,3.9
3.8,3.8
4.4,4.4
4.3,4.3
4.6,4.6
4.0,4.01
3.8,3.93
4.6,4.6
3.1,3.1
3.6,3.59
3.8,3.8
4.0,4.0
4.0,4.02
3.4,3.4
4.2,4.2
3.7,3.64
4.2,4.2
4.1,4.1
3.9,3.9
4.4,4.4
4.4,4.4
4.1,3.72
4.2,4.26
2.3,2.3
3.9,3.9
3.9,3.8
3.8,3.8
3.7,3.51
3.9,3.9
3.8,3.8
4.2,4.2
2.9,2.87
3.2,3.2
4.1,4.04
2.9,2.9
3.5,3.5
3.9,3.9
3.7,3.7
4.1,4.1
4.1,4.1
3.9,3.9
3.9,3.9
3.5,3.4
4.3,4.29
3.9,3.9
4.1,4.1
4.4,4.4
3.6,3.6
3.8,3.8
3.7,3.7
3.0,3.0
4.3,4.3
3.1,3.26
4.1,4.1
4.0,4.0
3.9,3.9
4.1,4.1
3.7,3.7
4.5,4.38
4.0,4.0
3.9,3.9
3.9,3.9
4.0,4.0
3.8,3.8
3.0,3.0
4.6,4.59
4.1,4.1
3.9,3.9
3.9,3.9
2.7,2.7
4.0,4.15
3.8,3.8
3.9,3.9
4.1,4.1
4.1,4.1
4.3,4.3
3.7,3.7
4.4,4.41
3.1,3.08
3.8,3.81
3.8,3.8
4.0,4.0
4.3,4.3
3.5,3.5
3.9,3.9
4.1,4.1
4.2,4.2
3.7,3.7
4.1,4.1
4.3,4.3
4.0,4.0
3.6,3.55
3.9,3.9
4.2,3.96
3.9,3.9
4.2,4.19
4.0,3.98
3.0,3.16
3.3,3.3
4.3,4.3
4.3,4.29
3.5,3.26
4.0,4.0
3.9,3.9
4.6,4.62
3.9,3.9
3.9,3.9
4.1,4.1
3.9,3.89
4.1,4.1
3.6,3.6
3.9,3.9
4.3,4.23
2.7,2.7
4.3,4.17
3.9,3.9
3.7,3.71
3.3,3.36
3.5,3.67
3.8,3.8
4.0,3.79
4.0,4.01
4.3,4.3
4.3,4.3
3.8,3.8
4.2,4.2
4.1,4.1
3.7,3.7
2.7,2.79
2.6,2.6
4.1,4.02
4.1,4.1
3.8,3.8
4.4,4.4
3.5,3.44
3.8,3.8
4.7,4.7
4.2,4.2
4.0,4.0
3.7,3.7
3.8,3.8
4.1,3.75
4.3,4.22
3.8,3.8
3.9,3.91
3.9,3.9
4.2,4.2
3.9,3.9
4.2,4.2
4.1,3.74
2.9,3.55
4.1,4.1
3.9,3.9
4.4,4.4
4.2,4.2
3.7,3.57
3.8,3.8
2.4,2.4
4.1,4.1
3.6,3.6
3.7,3.7
4.5,4.5
3.6,3.6
4.2,4.2
3.9,3.9
3.9,3.9
4.0,3.77
3.9,3.9
4.2,4.14
3.0,3.0
3.9,3.9
4.1,4.1
4.3,4.3
4.3,4.3
3.8,3.8
3.7,3.7
4.5,4.6
3.7,3.7
4.2,4.2
3.8,3.8
4.0,4.0
3.2,3.2
4.1,4.1
4.0,4.0
3.9,3.85
2.8,2.8
2.8,2.8
4.2,4.03
2.3,2.4
3.6,3.6
3.8,3.8
4.1,4.1
3.7,3.41
3.7,3.7
3.5,3.5
4.0,4.0
4.1,4.1
3.9,3.9
3.7,3.7
3.7,3.7
4.6,4.6
4.6,4.6
3.7,3.7
3.8,3.8
4.0,4.0
3.8,3.8
3.7,3.7
3.7,3.63
3.0,3.0
4.4,4.4
4.1,4.1
3.9,3.9
4.1,4.1
4.5,4.5
4.0,4.0
3.9,3.9
3.7,3.7
3.8,3.8
4.0,3.99
4.2,4.2
3.6,3.6
4.2,4.22
4.3,4.3
4.5,4.5
4.4,4.39
3.9,3.9
4.0,4.0
4.2,4.2
4.1,4.1
4.3,4.3
4.1,4.1
4.1,4.1
4.0,4.0
2.9,2.9
3.5,3.5
4.0,4.1
4.4,4.4
4.3,4.3
3.9,3.9
3.2,3.2
2.9,2.9
3.7,3.72
4.2,4.2
4.1,4.1
2.8,2.8
3.8,3.8
4.0,3.97
3.5,3.66
2.1,2.1
4.2,4.2
3.4,3.34
3.9,3.9
3.9,3.9
3.8,3.82
4.0,4.0
4.2,4.14
3.7,3.74
3.9,3.91
3.1,3.1
3.2,3.2
4.8,4.8
4.0,3.99
4.1,4.1
3.8,3.8
3.7,3.7
3.8,3.8
4.1,4.1
3.5,3.54
3.7,3.22
4.2,4.2
4.3,4.3
3.4,3.47
3.7,4.07
3.5,3.51
3.5,3.47
4.1,4.1
4.1,4.1
3.7,3.7
4.7,4.7
4.1,4.1
4.0,4.0
4.2,4.2
4.1,3.46
4.2,4.2
3.4,3.4
4.1,4.1
4.0,4.0
4.2,4.2
3.8,3.8
3.8,3.8
4.1,4.1
4.0,4.0
3.7,3.7
4.0,4.0
4.1,4.1
3.8,3.8
4.1,4.1
4.1,4.1
4.1,4.1
4.2,4.21
3.5,3.5
4.0,4.0
4.5,4.5
3.8,3.85
4.0,4.0
3.9,3.88
3.9,3.9
4.4,4.4
3.9,3.9
4.1,4.1
3.6,3.6
3.9,3.9
3.9,3.9
4.2,4.2
4.2,4.2
4.2,4.2
3.7,3.7
4.0,4.0
4.4,4.4
4.0,3.98
4.0,4.0
4.6,4.6
3.8,3.8
3.9,3.9
4.7,4.7
3.3,3.47
2.7,2.62
4.0,3.84
4.0,4.0
4.9,4.9
3.9,3.9
3.1,3.1
3.9,3.9
4.0,4.01
4.2,4.2
3.7,3.73
3.8,3.87
3.8,3.8
3.8,3.8
4.4,4.4
4.3,4.3
2.6,2.6
4.6,4.6
3.7,3.7
3.9,3.9
2.9,2.9
3.8,3.8
4.1,3.96
4.8,4.78
3.9,3.9
3.0,3.1
4.0,4.01
4.3,4.28
2.9,2.9
3.7,3.7
3.9,3.9
2.4,3.66
4.5,4.43
3.8,3.58
3.7,3.7
3.8,3.8
4.0,4.0
3.9,3.9
4.3,4.3
4.1,4.1
4.1,4.1
3.8,3.8
4.2,4.2
3.7,3.7
4.4,4.4
4.0,4.01
4.6,4.6
4.2,4.12
2.8,2.8
3.6,3.6
4.2,4.2
3.9,3.9
2.3,2.32
3.8,3.93
4.2,4.2
4.2,4.2
3.7,3.7
4.4,4.4
4.4,4.33
4.3,4.3
3.9,3.89
4.0,4.0
4.1,4.1
2.6,2.6
3.8,3.8
4.3,4.3
4.1,4.03
3.8,3.8
4.0,4.0
3.8,3.62
3.4,3.7
4.1,4.1
3.7,3.68
3.7,3.41
4.1,4.1
3.8,3.8
4.5,4.5
4.1,4.03
4.1,4.1
4.1,4.1
4.0,4.0
4.0,4.0
4.0,4.0
3.8,3.43
2.2,2.2
4.5,4.5
3.4,3.4
4.5,4.34
4.0,4.09
4.1,4.1
3.7,3.7
3.7,3.7
4.5,4.5
3.4,3.4
2.8,3.35
4.4,4.4
3.5,3.5
3.9,3.9
4.0,4.0
3.7,3.7
4.3,4.3
2.5,2.5
3.8,3.8
3.5,3.5
4.1,4.1
3.9,3.9
4.1,4.03
4.2,4.2
3.8,3.8
4.0,3.94
3.8,3.8
4.0,4.0
4.1,4.14
3.5,3.5
4.3,4.3
3.8,3.79
4.5,4.49
4.7,4.7
4.3,4.3
3.9,3.89
3.7,3.7
4.5,4.5
4.0,4.0
4.3,4.29
4.1,4.1
3.8,3.79
3.6,3.6
4.1,4.1
3.7,3.7
3.7,3.7
4.3,4.3
4.2,4.2
3.9,3.9
4.5,4.5
3.8,3.8
4.1,4.16
3.7,3.7
4.2,4.2
3.7,3.7
3.9,3.9
3.9,3.9
4.0,4.0
3.8,3.8
3.8,3.8
3.9,3.9
4.4,4.4
4.0,4.0
4.0,4.0
3.9,3.9
4.4,4.4
3.9,3.9
4.6,4.6
4.0,4.0
4.0,4.0
3.7,3.7
3.9,3.9
3.8,3.73
4.1,4.1
3.4,3.4
3.8,3.8
3.5,3.54
3.8,3.8
3.9,3.9
4.3,4.28
3.8,3.8
3.5,3.5
2.7,2.7
4.6,4.49
3.9,3.9
3.2,3.2
4.2,4.2
4.0,4.01
2.6,2.65
4.1,4.0
3.9,3.9
4.2,4.19
2.9,2.9
3.7,3.7
3.1,3.1
4.1,4.1
3.7,3.7
4.2,4.22
3.9,3.9
4.0,4.0
3.8,3.8
4.4,4.4
4.1,4.1
3.8,3.8
4.0,4.0
3.5,3.5
4.1,4.1
3.7,3.7
3.9,3.9
3.8,3.9
3.8,3.8
4.1,4.1
3.9,3.9
4.2,4.2
4.1,4.1
3.2,3.2
4.2,3.55
4.6,4.5
3.9,3.45
4.3,4.3
4.0,3.82
4.2,4.08
3.9,3.98
4.0,4.0
3.8,3.8
3.0,3.06
4.2,4.2
3.9,3.91
4.0,4.0
3.8,3.8
4.2,4.2
3.6,3.6
3.2,3.35
4.0,4.0
3.6,3.77
3.7,3.71
3.5,3.5
3.6,3.6
4.3,4.3
4.4,4.39
3.0,3.0
3.3,3.3
4.1,4.1
3.7,3.7
2.8,2.8
4.2,4.2
4.0,4.0
4.1,4.1
3.8,3.85
4.0,4.0
3.8,3.8
4.0,4.0
4.2,4.2
3.8,3.8
3.8,3.8
4.0,3.91
4.0,4.0
2.8,2.8
4.2,4.2
3.8,3.8
3.8,3.8
3.9,3.9
3.0,3.0
4.1,4.13
4.1,4.1
3.4,3.4
4.1,4.1
3.8,3.8
4.6,4.6
4.1,4.1
4.0,4.0
3.8,3.8
3.8,3.8
3.9,3.9
3.4,3.4
4.2,4.2
4.6,4.54
3.2,3.2
4.0,3.99
4.1,4.1
3.9,3.9
2.5,2.5
3.9,3.9
3.0,3.0
4.0,4.0
4.1,4.1
3.9,3.9
4.4,4.4
3.4,3.4
4.3,4.3
4.1,4.1
4.5,4.5
3.9,3.9
4.1,4.1
4.3,4.3
4.1,4.1
3.7,3.7
4.1,4.1
4.1,4.1
4.4,4.4
4.1,4.1
3.9,3.9
3.8,3.8
4.1,4.1
3.7,3.7
3.9,3.87
3.9,3.89
3.9,3.9
2.5,3.67
3.9,3.9
4.1,4.1
4.0,4.0
4.0,4.0
2.8,2.8
3.6,3.76
3.6,3.6
4.0,4.0
4.3,4.3
4.2,4.2
4.4,4.4
3.8,3.79
3.9,3.9
4.5,4.08
4.0,4.0
4.0,4.0
4.1,4.1
3.7,3.7
4.1,4.1
3.7,3.7
4.1,4.1
3.8,3.8
4.0,4.0
3.6,3.6
3.9,3.9
3.7,3.7
3.9,3.9
4.2,4.2
3.9,3.9
3.8,3.84
4.3,4.3
3.7,3.7
3.7,3.77
3.3,3.3
3.8,3.8
4.3,4.3
4.7,4.7
3.1,3.1
3.9,3.9
2.6,2.6
3.8,3.8
2.7,2.7
4.6,4.6
4.2,4.2
4.4,4.4
3.8,3.3
3.9,3.89
4.0,4.0
3.3,3.3
4.1,4.1
4.0,4.0
4.3,4.29
3.2,3.2
2.7,3.8
4.0,4.0
4.0,3.63
4.0,4.0
3.9,3.9
4.0,4.0
3.9,3.9
3.7,3.67
4.4,4.4
4.3,4.24
3.8,3.69
3.9,3.9
4.2,4.2
3.8,3.39
4.1,4.1
4.1,4.2
4.2,4.2
4.1,4.1
4.3,4.35
3.8,3.39
4.0,4.07
3.7,3.7
4.7,4.7
2.7,2.7
3.9,3.9
3.7,3.73
4.4,4.4
4.3,4.3
4.4,4.4
3.9,3.9
2.8,2.8
3.4,3.4
3.6,3.6
2.8,2.8
4.0,4.0
4.1,4.1
3.7,3.74
3.9,3.9
3.9,3.9
3.8,3.8
4.2,4.2
3.9,3.9
3.8,3.8
4.6,4.6
2.9,2.9
3.0,3.0
3.7,3.73
4.5,4.37
3.9,3.9
4.4,4.4
3.8,3.8
3.7,3.72
3.7,3.8
4.0,4.0
3.8,3.8
4.2,4.2
3.9,3.9
4.1,4.17
2.9,2.9
4.0,4.0
3.2,3.2
2.0,2.0
4.5,4.5
4.2,4.2
4.0,4.0
3.7,3.7
4.0,4.0
4.2,4.2
4.4,4.4
3.9,3.9
3.9,3.73
3.9,3.9
3.8,3.8
2.2,2.2
3.8,3.8
4.1,4.1
4.0,4.0
3.9,3.92
3.8,3.8
4.5,4.49
4.1,4.1
2.6,2.6
4.1,4.1
3.8,3.83
3.8,3.8
3.8,3.8
2.3,2.4
4.1,4.1
3.8,3.8
3.8,3.8
3.9,3.35
4.3,4.3
4.0,4.0
3.7,3.7
4.0,4.0
3.7,3.7
3.7,3.8
4.3,4.15
4.2,4.2
3.8,3.79
4.2,4.2
3.7,3.7
3.9,3.76
4.3,4.3
4.2,4.2
4.1,4.1
4.0,4.0
3.8,3.8
4.4,4.37
3.9,3.9
4.1,4.1
3.8,3.78
3.7,3.12
3.8,3.8
3.8,3.8
4.0,4.1
4.0,4.0
3.6,3.6
3.9,3.9
3.8,3.8
4.3,4.3
3.7,3.82
4.3,4.28
4.0,4.0
4.2,4.2
4.1,4.1
3.7,3.95
4.0,4.0
3.7,3.7
3.9,3.9
4.3,4.3
3.8,3.8
4.0,4.0
4.3,4.3
2.9,2.93
3.9,3.9
3.8,3.8
4.1,4.1
3.9,3.9
3.9,4.05
4.4,4.4
3.9,3.9
3.3,3.3
4.0,4.0
4.1,4.1
3.7,3.7
3.8,3.8
4.0,4.0
3.7,3.7
4.0,4.0
3.9,3.9
4.0,4.0
3.5,3.6
4.2,4.2
3.0,3.47
4.1,4.1
4.1,4.09
3.8,3.82
3.5,3.5
4.1,4.12
4.2,4.2
4.0,4.0
3.9,3.9
4.0,4.0
4.1,4.1
4.1,4.1
4.0,4.0
4.1,4.1
4.2,4.2
3.9,3.9
3.6,3.6
3.9,3.9
4.1,4.1
3.8,3.8
4.1,4.1
2.9,2.9
3.8,3.8
3.1,3.68
4.7,4.7
4.0,4.0
4.4,4.39
3.7,3.7
4.4,4.4
3.5,3.5
3.9,3.94
3.7,3.99
3.7,3.77
4.4,4.4
4.0,4.0
4.0,4.0
3.6,3.6
4.0,4.0
3.9,3.9
